relative_path,original_experiment21_sha256,public_paper_subset_sha256,transformation
COMPLETED,84aa4d017b368b6a1993d756068c170c988615458f59e7ee9e2abeae8ea1ae79,84aa4d017b368b6a1993d756068c170c988615458f59e7ee9e2abeae8ea1ae79,unchanged
designs/design_bank.rds,5b2a6c6dbf3a21f5709d563581ee7330ab100e883b28d1a0280641cd16a1e3f1,abaec2df505bbada7f30a48191580ab2968fa7251515a783f7e96e976ea35187,filtered_to_five_paper_methods
designs/design_manifest.csv,049b33dd92dd19f0e0acc0b823b48ff6a087cf6a9a71239cb6e1115962c7040d,336a2c193c55fe3d47537d60092b8694e938fbbf0eaf394a98b71e9dc92484af,filtered_to_five_paper_methods
designs/exact_optima.csv,bc8d38c68460df318ac8a561e1616956a80b84171f4206dca820ce2f8b323b53,d4d6bdda52563428c40f7858752fb843f4e27df2f07bb631b75a24b92b8ec19a,filtered_to_lambda050_label
designs/exact_enumeration_m4n12.csv,c8ff575401563fe8623a601d08f0922f2f0e99344227f649628a76467a57bc70,c8ff575401563fe8623a601d08f0922f2f0e99344227f649628a76467a57bc70,unchanged
config/seed_ledger.csv,3eac7513edd7eacb7ac7206ef2dd2e6fe53ac080058ed1e2efa6446608085d41,b6337752c15a8e3a25d95d071b6b49a8b566c1903c776fe6865937b47517d0da,values_unchanged_descriptions_scoped_to_paper_methods
config/label_map_manifest.csv,18c4e46da75c0c24c274357b571947e921c340bfbd5c181d2b956b5fca8c7194,18c4e46da75c0c24c274357b571947e921c340bfbd5c181d2b956b5fca8c7194,unchanged
results/initial_prediction_summary.csv,fbac5646fc5e0302ba4c61d08383559b21087059db0292794cf7b7015907c868,61e6d18cebd21f2986f2190ae2831c99e7f2b6d7d2d5077760e7da5ac1678332,filtered_to_five_paper_methods_and_intercept_mallows_gp
results/initial_top3_regret_summary.csv,42c66d2a44900daab1083462bfe543d936746be371db687e5a55a9fff6c05e49,1e6224728dc5f374ba8bea3ec215da17b319635058b25bf4356b3acff04da61c,filtered_to_five_paper_methods_and_intercept_mallows_gp
