"seed_key","seed_role","rep","n","c_true","seed","base_seed","initial_actual_seed","initial_sampling_attempt","shared_scope"
"gp_path|c=1|rep=001","gp_path",1,NA,1,1082637898,1082637898,NA,NA,"all n, methods, and fit modes within (c,rep)"
"gp_path|c=1|rep=002","gp_path",2,NA,1,1082637899,1082637899,NA,NA,"all n, methods, and fit modes within (c,rep)"
"gp_path|c=1|rep=003","gp_path",3,NA,1,1082637900,1082637900,NA,NA,"all n, methods, and fit modes within (c,rep)"
"gp_path|c=1|rep=004","gp_path",4,NA,1,1082637901,1082637901,NA,NA,"all n, methods, and fit modes within (c,rep)"
"gp_path|c=1|rep=005","gp_path",5,NA,1,1082637902,1082637902,NA,NA,"all n, methods, and fit modes within (c,rep)"
"gp_path|c=1|rep=006","gp_path",6,NA,1,1082637903,1082637903,NA,NA,"all n, methods, and fit modes within (c,rep)"
"gp_path|c=1|rep=007","gp_path",7,NA,1,1082637904,1082637904,NA,NA,"all n, methods, and fit modes within (c,rep)"
"gp_path|c=1|rep=008","gp_path",8,NA,1,1082637905,1082637905,NA,NA,"all n, methods, and fit modes within (c,rep)"
"gp_path|c=1|rep=009","gp_path",9,NA,1,1082637906,1082637906,NA,NA,"all n, methods, and fit modes within (c,rep)"
"gp_path|c=1|rep=010","gp_path",10,NA,1,91645042,91645042,NA,NA,"all n, methods, and fit modes within (c,rep)"
"gp_path|c=1|rep=011","gp_path",11,NA,1,91645043,91645043,NA,NA,"all n, methods, and fit modes within (c,rep)"
"gp_path|c=1|rep=012","gp_path",12,NA,1,91645044,91645044,NA,NA,"all n, methods, and fit modes within (c,rep)"
"gp_path|c=1|rep=013","gp_path",13,NA,1,91645045,91645045,NA,NA,"all n, methods, and fit modes within (c,rep)"
"gp_path|c=1|rep=014","gp_path",14,NA,1,91645046,91645046,NA,NA,"all n, methods, and fit modes within (c,rep)"
"gp_path|c=1|rep=015","gp_path",15,NA,1,91645047,91645047,NA,NA,"all n, methods, and fit modes within (c,rep)"
"gp_path|c=1|rep=016","gp_path",16,NA,1,91645048,91645048,NA,NA,"all n, methods, and fit modes within (c,rep)"
"gp_path|c=1|rep=017","gp_path",17,NA,1,91645049,91645049,NA,NA,"all n, methods, and fit modes within (c,rep)"
"gp_path|c=1|rep=018","gp_path",18,NA,1,91645050,91645050,NA,NA,"all n, methods, and fit modes within (c,rep)"
"gp_path|c=1|rep=019","gp_path",19,NA,1,91645051,91645051,NA,NA,"all n, methods, and fit modes within (c,rep)"
"gp_path|c=1|rep=020","gp_path",20,NA,1,91645173,91645173,NA,NA,"all n, methods, and fit modes within (c,rep)"
"gp_path|c=1|rep=021","gp_path",21,NA,1,91645174,91645174,NA,NA,"all n, methods, and fit modes within (c,rep)"
"gp_path|c=1|rep=022","gp_path",22,NA,1,91645175,91645175,NA,NA,"all n, methods, and fit modes within (c,rep)"
"gp_path|c=1|rep=023","gp_path",23,NA,1,91645176,91645176,NA,NA,"all n, methods, and fit modes within (c,rep)"
"gp_path|c=1|rep=024","gp_path",24,NA,1,91645177,91645177,NA,NA,"all n, methods, and fit modes within (c,rep)"
"gp_path|c=1|rep=025","gp_path",25,NA,1,91645178,91645178,NA,NA,"all n, methods, and fit modes within (c,rep)"
"gp_path|c=1|rep=026","gp_path",26,NA,1,91645179,91645179,NA,NA,"all n, methods, and fit modes within (c,rep)"
"gp_path|c=1|rep=027","gp_path",27,NA,1,91645180,91645180,NA,NA,"all n, methods, and fit modes within (c,rep)"
"gp_path|c=1|rep=028","gp_path",28,NA,1,91645181,91645181,NA,NA,"all n, methods, and fit modes within (c,rep)"
"gp_path|c=1|rep=029","gp_path",29,NA,1,91645182,91645182,NA,NA,"all n, methods, and fit modes within (c,rep)"
"gp_path|c=1|rep=030","gp_path",30,NA,1,91645304,91645304,NA,NA,"all n, methods, and fit modes within (c,rep)"
"gp_path|c=1|rep=031","gp_path",31,NA,1,91645305,91645305,NA,NA,"all n, methods, and fit modes within (c,rep)"
"gp_path|c=1|rep=032","gp_path",32,NA,1,91645306,91645306,NA,NA,"all n, methods, and fit modes within (c,rep)"
"gp_path|c=1|rep=033","gp_path",33,NA,1,91645307,91645307,NA,NA,"all n, methods, and fit modes within (c,rep)"
"gp_path|c=1|rep=034","gp_path",34,NA,1,91645308,91645308,NA,NA,"all n, methods, and fit modes within (c,rep)"
"gp_path|c=1|rep=035","gp_path",35,NA,1,91645309,91645309,NA,NA,"all n, methods, and fit modes within (c,rep)"
"gp_path|c=1|rep=036","gp_path",36,NA,1,91645310,91645310,NA,NA,"all n, methods, and fit modes within (c,rep)"
"gp_path|c=1|rep=037","gp_path",37,NA,1,91645311,91645311,NA,NA,"all n, methods, and fit modes within (c,rep)"
"gp_path|c=1|rep=038","gp_path",38,NA,1,91645312,91645312,NA,NA,"all n, methods, and fit modes within (c,rep)"
"gp_path|c=1|rep=039","gp_path",39,NA,1,91645313,91645313,NA,NA,"all n, methods, and fit modes within (c,rep)"
"gp_path|c=1|rep=040","gp_path",40,NA,1,91645435,91645435,NA,NA,"all n, methods, and fit modes within (c,rep)"
"gp_path|c=1|rep=041","gp_path",41,NA,1,91645436,91645436,NA,NA,"all n, methods, and fit modes within (c,rep)"
"gp_path|c=1|rep=042","gp_path",42,NA,1,91645437,91645437,NA,NA,"all n, methods, and fit modes within (c,rep)"
"gp_path|c=1|rep=043","gp_path",43,NA,1,91645438,91645438,NA,NA,"all n, methods, and fit modes within (c,rep)"
"gp_path|c=1|rep=044","gp_path",44,NA,1,91645439,91645439,NA,NA,"all n, methods, and fit modes within (c,rep)"
"gp_path|c=1|rep=045","gp_path",45,NA,1,91645440,91645440,NA,NA,"all n, methods, and fit modes within (c,rep)"
"gp_path|c=1|rep=046","gp_path",46,NA,1,91645441,91645441,NA,NA,"all n, methods, and fit modes within (c,rep)"
"gp_path|c=1|rep=047","gp_path",47,NA,1,91645442,91645442,NA,NA,"all n, methods, and fit modes within (c,rep)"
"gp_path|c=1|rep=048","gp_path",48,NA,1,91645443,91645443,NA,NA,"all n, methods, and fit modes within (c,rep)"
"gp_path|c=1|rep=049","gp_path",49,NA,1,91645444,91645444,NA,NA,"all n, methods, and fit modes within (c,rep)"
"gp_path|c=1|rep=050","gp_path",50,NA,1,91645566,91645566,NA,NA,"all n, methods, and fit modes within (c,rep)"
"gp_path|c=4|rep=001","gp_path",1,NA,4,1082689381,1082689381,NA,NA,"all n, methods, and fit modes within (c,rep)"
"gp_path|c=4|rep=002","gp_path",2,NA,4,1082689382,1082689382,NA,NA,"all n, methods, and fit modes within (c,rep)"
"gp_path|c=4|rep=003","gp_path",3,NA,4,1082689383,1082689383,NA,NA,"all n, methods, and fit modes within (c,rep)"
"gp_path|c=4|rep=004","gp_path",4,NA,4,1082689384,1082689384,NA,NA,"all n, methods, and fit modes within (c,rep)"
"gp_path|c=4|rep=005","gp_path",5,NA,4,1082689385,1082689385,NA,NA,"all n, methods, and fit modes within (c,rep)"
"gp_path|c=4|rep=006","gp_path",6,NA,4,1082689386,1082689386,NA,NA,"all n, methods, and fit modes within (c,rep)"
"gp_path|c=4|rep=007","gp_path",7,NA,4,1082689387,1082689387,NA,NA,"all n, methods, and fit modes within (c,rep)"
"gp_path|c=4|rep=008","gp_path",8,NA,4,1082689388,1082689388,NA,NA,"all n, methods, and fit modes within (c,rep)"
"gp_path|c=4|rep=009","gp_path",9,NA,4,1082689389,1082689389,NA,NA,"all n, methods, and fit modes within (c,rep)"
"gp_path|c=4|rep=010","gp_path",10,NA,4,98389315,98389315,NA,NA,"all n, methods, and fit modes within (c,rep)"
"gp_path|c=4|rep=011","gp_path",11,NA,4,98389316,98389316,NA,NA,"all n, methods, and fit modes within (c,rep)"
"gp_path|c=4|rep=012","gp_path",12,NA,4,98389317,98389317,NA,NA,"all n, methods, and fit modes within (c,rep)"
"gp_path|c=4|rep=013","gp_path",13,NA,4,98389318,98389318,NA,NA,"all n, methods, and fit modes within (c,rep)"
"gp_path|c=4|rep=014","gp_path",14,NA,4,98389319,98389319,NA,NA,"all n, methods, and fit modes within (c,rep)"
"gp_path|c=4|rep=015","gp_path",15,NA,4,98389320,98389320,NA,NA,"all n, methods, and fit modes within (c,rep)"
"gp_path|c=4|rep=016","gp_path",16,NA,4,98389321,98389321,NA,NA,"all n, methods, and fit modes within (c,rep)"
"gp_path|c=4|rep=017","gp_path",17,NA,4,98389322,98389322,NA,NA,"all n, methods, and fit modes within (c,rep)"
"gp_path|c=4|rep=018","gp_path",18,NA,4,98389323,98389323,NA,NA,"all n, methods, and fit modes within (c,rep)"
"gp_path|c=4|rep=019","gp_path",19,NA,4,98389324,98389324,NA,NA,"all n, methods, and fit modes within (c,rep)"
"gp_path|c=4|rep=020","gp_path",20,NA,4,98389446,98389446,NA,NA,"all n, methods, and fit modes within (c,rep)"
"gp_path|c=4|rep=021","gp_path",21,NA,4,98389447,98389447,NA,NA,"all n, methods, and fit modes within (c,rep)"
"gp_path|c=4|rep=022","gp_path",22,NA,4,98389448,98389448,NA,NA,"all n, methods, and fit modes within (c,rep)"
"gp_path|c=4|rep=023","gp_path",23,NA,4,98389449,98389449,NA,NA,"all n, methods, and fit modes within (c,rep)"
"gp_path|c=4|rep=024","gp_path",24,NA,4,98389450,98389450,NA,NA,"all n, methods, and fit modes within (c,rep)"
"gp_path|c=4|rep=025","gp_path",25,NA,4,98389451,98389451,NA,NA,"all n, methods, and fit modes within (c,rep)"
"gp_path|c=4|rep=026","gp_path",26,NA,4,98389452,98389452,NA,NA,"all n, methods, and fit modes within (c,rep)"
"gp_path|c=4|rep=027","gp_path",27,NA,4,98389453,98389453,NA,NA,"all n, methods, and fit modes within (c,rep)"
"gp_path|c=4|rep=028","gp_path",28,NA,4,98389454,98389454,NA,NA,"all n, methods, and fit modes within (c,rep)"
"gp_path|c=4|rep=029","gp_path",29,NA,4,98389455,98389455,NA,NA,"all n, methods, and fit modes within (c,rep)"
"gp_path|c=4|rep=030","gp_path",30,NA,4,98389577,98389577,NA,NA,"all n, methods, and fit modes within (c,rep)"
"gp_path|c=4|rep=031","gp_path",31,NA,4,98389578,98389578,NA,NA,"all n, methods, and fit modes within (c,rep)"
"gp_path|c=4|rep=032","gp_path",32,NA,4,98389579,98389579,NA,NA,"all n, methods, and fit modes within (c,rep)"
"gp_path|c=4|rep=033","gp_path",33,NA,4,98389580,98389580,NA,NA,"all n, methods, and fit modes within (c,rep)"
"gp_path|c=4|rep=034","gp_path",34,NA,4,98389581,98389581,NA,NA,"all n, methods, and fit modes within (c,rep)"
"gp_path|c=4|rep=035","gp_path",35,NA,4,98389582,98389582,NA,NA,"all n, methods, and fit modes within (c,rep)"
"gp_path|c=4|rep=036","gp_path",36,NA,4,98389583,98389583,NA,NA,"all n, methods, and fit modes within (c,rep)"
"gp_path|c=4|rep=037","gp_path",37,NA,4,98389584,98389584,NA,NA,"all n, methods, and fit modes within (c,rep)"
"gp_path|c=4|rep=038","gp_path",38,NA,4,98389585,98389585,NA,NA,"all n, methods, and fit modes within (c,rep)"
"gp_path|c=4|rep=039","gp_path",39,NA,4,98389586,98389586,NA,NA,"all n, methods, and fit modes within (c,rep)"
"gp_path|c=4|rep=040","gp_path",40,NA,4,98389708,98389708,NA,NA,"all n, methods, and fit modes within (c,rep)"
"gp_path|c=4|rep=041","gp_path",41,NA,4,98389709,98389709,NA,NA,"all n, methods, and fit modes within (c,rep)"
"gp_path|c=4|rep=042","gp_path",42,NA,4,98389710,98389710,NA,NA,"all n, methods, and fit modes within (c,rep)"
"gp_path|c=4|rep=043","gp_path",43,NA,4,98389711,98389711,NA,NA,"all n, methods, and fit modes within (c,rep)"
"gp_path|c=4|rep=044","gp_path",44,NA,4,98389712,98389712,NA,NA,"all n, methods, and fit modes within (c,rep)"
"gp_path|c=4|rep=045","gp_path",45,NA,4,98389713,98389713,NA,NA,"all n, methods, and fit modes within (c,rep)"
"gp_path|c=4|rep=046","gp_path",46,NA,4,98389714,98389714,NA,NA,"all n, methods, and fit modes within (c,rep)"
"gp_path|c=4|rep=047","gp_path",47,NA,4,98389715,98389715,NA,NA,"all n, methods, and fit modes within (c,rep)"
"gp_path|c=4|rep=048","gp_path",48,NA,4,98389716,98389716,NA,NA,"all n, methods, and fit modes within (c,rep)"
"gp_path|c=4|rep=049","gp_path",49,NA,4,98389717,98389717,NA,NA,"all n, methods, and fit modes within (c,rep)"
"gp_path|c=4|rep=050","gp_path",50,NA,4,98389839,98389839,NA,NA,"all n, methods, and fit modes within (c,rep)"
"initial_half|n=048|rep=001","initial_half",1,48,NA,656276457,656276457,656276457,1,"all methods within (n,rep)"
"initial_half|n=048|rep=002","initial_half",2,48,NA,656276458,656276458,656276458,1,"all methods within (n,rep)"
"initial_half|n=048|rep=003","initial_half",3,48,NA,656276459,656276459,656276459,1,"all methods within (n,rep)"
"initial_half|n=048|rep=004","initial_half",4,48,NA,656276460,656276460,656276460,1,"all methods within (n,rep)"
"initial_half|n=048|rep=005","initial_half",5,48,NA,656276461,656276461,656276461,1,"all methods within (n,rep)"
"initial_half|n=048|rep=006","initial_half",6,48,NA,656276462,656276462,656276462,1,"all methods within (n,rep)"
"initial_half|n=048|rep=007","initial_half",7,48,NA,656276463,656276463,656276463,1,"all methods within (n,rep)"
"initial_half|n=048|rep=008","initial_half",8,48,NA,656276464,656276464,656276464,1,"all methods within (n,rep)"
"initial_half|n=048|rep=009","initial_half",9,48,NA,656276465,656276465,656276465,1,"all methods within (n,rep)"
"initial_half|n=048|rep=010","initial_half",10,48,NA,72870625,72870625,72870625,1,"all methods within (n,rep)"
"initial_half|n=048|rep=011","initial_half",11,48,NA,72870626,72870626,72870626,1,"all methods within (n,rep)"
"initial_half|n=048|rep=012","initial_half",12,48,NA,72870627,72870627,72870627,1,"all methods within (n,rep)"
"initial_half|n=048|rep=013","initial_half",13,48,NA,72870628,72870628,72870628,1,"all methods within (n,rep)"
"initial_half|n=048|rep=014","initial_half",14,48,NA,72870629,72870629,72870629,1,"all methods within (n,rep)"
"initial_half|n=048|rep=015","initial_half",15,48,NA,72870630,72870630,72870630,1,"all methods within (n,rep)"
"initial_half|n=048|rep=016","initial_half",16,48,NA,72870631,72870631,72870631,1,"all methods within (n,rep)"
"initial_half|n=048|rep=017","initial_half",17,48,NA,72870632,72870632,72870632,1,"all methods within (n,rep)"
"initial_half|n=048|rep=018","initial_half",18,48,NA,72870633,72870633,72870633,1,"all methods within (n,rep)"
"initial_half|n=048|rep=019","initial_half",19,48,NA,72870634,72870634,72870634,1,"all methods within (n,rep)"
"initial_half|n=048|rep=020","initial_half",20,48,NA,72870756,72870756,72870756,1,"all methods within (n,rep)"
"initial_half|n=048|rep=021","initial_half",21,48,NA,72870757,72870757,72870757,1,"all methods within (n,rep)"
"initial_half|n=048|rep=022","initial_half",22,48,NA,72870758,72870758,72870758,1,"all methods within (n,rep)"
"initial_half|n=048|rep=023","initial_half",23,48,NA,72870759,72870759,72870759,1,"all methods within (n,rep)"
"initial_half|n=048|rep=024","initial_half",24,48,NA,72870760,72870760,72870760,1,"all methods within (n,rep)"
"initial_half|n=048|rep=025","initial_half",25,48,NA,72870761,72870761,72870761,1,"all methods within (n,rep)"
"initial_half|n=048|rep=026","initial_half",26,48,NA,72870762,72870762,72870762,1,"all methods within (n,rep)"
"initial_half|n=048|rep=027","initial_half",27,48,NA,72870763,72870763,72870763,1,"all methods within (n,rep)"
"initial_half|n=048|rep=028","initial_half",28,48,NA,72870764,72870764,72870764,1,"all methods within (n,rep)"
"initial_half|n=048|rep=029","initial_half",29,48,NA,72870765,72870765,72870765,1,"all methods within (n,rep)"
"initial_half|n=048|rep=030","initial_half",30,48,NA,72870887,72870887,72870887,1,"all methods within (n,rep)"
"initial_half|n=048|rep=031","initial_half",31,48,NA,72870888,72870888,72870888,1,"all methods within (n,rep)"
"initial_half|n=048|rep=032","initial_half",32,48,NA,72870889,72870889,72870889,1,"all methods within (n,rep)"
"initial_half|n=048|rep=033","initial_half",33,48,NA,72870890,72870890,72870890,1,"all methods within (n,rep)"
"initial_half|n=048|rep=034","initial_half",34,48,NA,72870891,72870891,72870891,1,"all methods within (n,rep)"
"initial_half|n=048|rep=035","initial_half",35,48,NA,72870892,72870892,72870892,1,"all methods within (n,rep)"
"initial_half|n=048|rep=036","initial_half",36,48,NA,72870893,72870893,72870893,1,"all methods within (n,rep)"
"initial_half|n=048|rep=037","initial_half",37,48,NA,72870894,72870894,72870894,1,"all methods within (n,rep)"
"initial_half|n=048|rep=038","initial_half",38,48,NA,72870895,72870895,72870895,1,"all methods within (n,rep)"
"initial_half|n=048|rep=039","initial_half",39,48,NA,72870896,72870896,72870896,1,"all methods within (n,rep)"
"initial_half|n=048|rep=040","initial_half",40,48,NA,72871018,72871018,72871018,1,"all methods within (n,rep)"
"initial_half|n=048|rep=041","initial_half",41,48,NA,72871019,72871019,72871019,1,"all methods within (n,rep)"
"initial_half|n=048|rep=042","initial_half",42,48,NA,72871020,72871020,72871020,1,"all methods within (n,rep)"
"initial_half|n=048|rep=043","initial_half",43,48,NA,72871021,72871021,72871021,1,"all methods within (n,rep)"
"initial_half|n=048|rep=044","initial_half",44,48,NA,72871022,72871022,72871022,1,"all methods within (n,rep)"
"initial_half|n=048|rep=045","initial_half",45,48,NA,72871023,72871023,72871023,1,"all methods within (n,rep)"
"initial_half|n=048|rep=046","initial_half",46,48,NA,72871024,72871024,72871024,1,"all methods within (n,rep)"
"initial_half|n=048|rep=047","initial_half",47,48,NA,236036489,72871025,236036489,2,"all methods within (n,rep)"
"initial_half|n=048|rep=048","initial_half",48,48,NA,72871026,72871026,72871026,1,"all methods within (n,rep)"
"initial_half|n=048|rep=049","initial_half",49,48,NA,72871027,72871027,72871027,1,"all methods within (n,rep)"
"initial_half|n=048|rep=050","initial_half",50,48,NA,72871149,72871149,72871149,1,"all methods within (n,rep)"
"initial_half|n=060|rep=001","initial_half",1,60,NA,660635351,660635351,660635351,1,"all methods within (n,rep)"
"initial_half|n=060|rep=002","initial_half",2,60,NA,660635352,660635352,660635352,1,"all methods within (n,rep)"
"initial_half|n=060|rep=003","initial_half",3,60,NA,660635353,660635353,660635353,1,"all methods within (n,rep)"
"initial_half|n=060|rep=004","initial_half",4,60,NA,660635354,660635354,660635354,1,"all methods within (n,rep)"
"initial_half|n=060|rep=005","initial_half",5,60,NA,660635355,660635355,660635355,1,"all methods within (n,rep)"
"initial_half|n=060|rep=006","initial_half",6,60,NA,660635356,660635356,660635356,1,"all methods within (n,rep)"
"initial_half|n=060|rep=007","initial_half",7,60,NA,660635357,660635357,660635357,1,"all methods within (n,rep)"
"initial_half|n=060|rep=008","initial_half",8,60,NA,660635358,660635358,660635358,1,"all methods within (n,rep)"
"initial_half|n=060|rep=009","initial_half",9,60,NA,660635359,660635359,660635359,1,"all methods within (n,rep)"
"initial_half|n=060|rep=010","initial_half",10,60,NA,643885739,643885739,643885739,1,"all methods within (n,rep)"
"initial_half|n=060|rep=011","initial_half",11,60,NA,643885740,643885740,643885740,1,"all methods within (n,rep)"
"initial_half|n=060|rep=012","initial_half",12,60,NA,643885741,643885741,643885741,1,"all methods within (n,rep)"
"initial_half|n=060|rep=013","initial_half",13,60,NA,643885742,643885742,643885742,1,"all methods within (n,rep)"
"initial_half|n=060|rep=014","initial_half",14,60,NA,643885743,643885743,643885743,1,"all methods within (n,rep)"
"initial_half|n=060|rep=015","initial_half",15,60,NA,643885744,643885744,643885744,1,"all methods within (n,rep)"
"initial_half|n=060|rep=016","initial_half",16,60,NA,643885745,643885745,643885745,1,"all methods within (n,rep)"
"initial_half|n=060|rep=017","initial_half",17,60,NA,643885746,643885746,643885746,1,"all methods within (n,rep)"
"initial_half|n=060|rep=018","initial_half",18,60,NA,643885747,643885747,643885747,1,"all methods within (n,rep)"
"initial_half|n=060|rep=019","initial_half",19,60,NA,643885748,643885748,643885748,1,"all methods within (n,rep)"
"initial_half|n=060|rep=020","initial_half",20,60,NA,643885870,643885870,643885870,1,"all methods within (n,rep)"
"initial_half|n=060|rep=021","initial_half",21,60,NA,643885871,643885871,643885871,1,"all methods within (n,rep)"
"initial_half|n=060|rep=022","initial_half",22,60,NA,643885872,643885872,643885872,1,"all methods within (n,rep)"
"initial_half|n=060|rep=023","initial_half",23,60,NA,643885873,643885873,643885873,1,"all methods within (n,rep)"
"initial_half|n=060|rep=024","initial_half",24,60,NA,643885874,643885874,643885874,1,"all methods within (n,rep)"
"initial_half|n=060|rep=025","initial_half",25,60,NA,643885875,643885875,643885875,1,"all methods within (n,rep)"
"initial_half|n=060|rep=026","initial_half",26,60,NA,643885876,643885876,643885876,1,"all methods within (n,rep)"
"initial_half|n=060|rep=027","initial_half",27,60,NA,643885877,643885877,643885877,1,"all methods within (n,rep)"
"initial_half|n=060|rep=028","initial_half",28,60,NA,643885878,643885878,643885878,1,"all methods within (n,rep)"
"initial_half|n=060|rep=029","initial_half",29,60,NA,643885879,643885879,643885879,1,"all methods within (n,rep)"
"initial_half|n=060|rep=030","initial_half",30,60,NA,643886001,643886001,643886001,1,"all methods within (n,rep)"
"initial_half|n=060|rep=031","initial_half",31,60,NA,643886002,643886002,643886002,1,"all methods within (n,rep)"
"initial_half|n=060|rep=032","initial_half",32,60,NA,643886003,643886003,643886003,1,"all methods within (n,rep)"
"initial_half|n=060|rep=033","initial_half",33,60,NA,643886004,643886004,643886004,1,"all methods within (n,rep)"
"initial_half|n=060|rep=034","initial_half",34,60,NA,643886005,643886005,643886005,1,"all methods within (n,rep)"
"initial_half|n=060|rep=035","initial_half",35,60,NA,643886006,643886006,643886006,1,"all methods within (n,rep)"
"initial_half|n=060|rep=036","initial_half",36,60,NA,643886007,643886007,643886007,1,"all methods within (n,rep)"
"initial_half|n=060|rep=037","initial_half",37,60,NA,643886008,643886008,643886008,1,"all methods within (n,rep)"
"initial_half|n=060|rep=038","initial_half",38,60,NA,643886009,643886009,643886009,1,"all methods within (n,rep)"
"initial_half|n=060|rep=039","initial_half",39,60,NA,643886010,643886010,643886010,1,"all methods within (n,rep)"
"initial_half|n=060|rep=040","initial_half",40,60,NA,643886132,643886132,643886132,1,"all methods within (n,rep)"
"initial_half|n=060|rep=041","initial_half",41,60,NA,643886133,643886133,643886133,1,"all methods within (n,rep)"
"initial_half|n=060|rep=042","initial_half",42,60,NA,643886134,643886134,643886134,1,"all methods within (n,rep)"
"initial_half|n=060|rep=043","initial_half",43,60,NA,643886135,643886135,643886135,1,"all methods within (n,rep)"
"initial_half|n=060|rep=044","initial_half",44,60,NA,643886136,643886136,643886136,1,"all methods within (n,rep)"
"initial_half|n=060|rep=045","initial_half",45,60,NA,643886137,643886137,643886137,1,"all methods within (n,rep)"
"initial_half|n=060|rep=046","initial_half",46,60,NA,643886138,643886138,643886138,1,"all methods within (n,rep)"
"initial_half|n=060|rep=047","initial_half",47,60,NA,643886139,643886139,643886139,1,"all methods within (n,rep)"
"initial_half|n=060|rep=048","initial_half",48,60,NA,643886140,643886140,643886140,1,"all methods within (n,rep)"
"initial_half|n=060|rep=049","initial_half",49,60,NA,643886141,643886141,643886141,1,"all methods within (n,rep)"
"initial_half|n=060|rep=050","initial_half",50,60,NA,643886263,643886263,643886263,1,"all methods within (n,rep)"
"proposal_tape|n=048|rep=001","proposal_tape",1,48,NA,69210613,69210613,NA,NA,"all optimized methods within (n,rep)"
"proposal_tape|n=048|rep=002","proposal_tape",2,48,NA,69210614,69210614,NA,NA,"all optimized methods within (n,rep)"
"proposal_tape|n=048|rep=003","proposal_tape",3,48,NA,69210615,69210615,NA,NA,"all optimized methods within (n,rep)"
"proposal_tape|n=048|rep=004","proposal_tape",4,48,NA,69210616,69210616,NA,NA,"all optimized methods within (n,rep)"
"proposal_tape|n=048|rep=005","proposal_tape",5,48,NA,69210617,69210617,NA,NA,"all optimized methods within (n,rep)"
"proposal_tape|n=048|rep=006","proposal_tape",6,48,NA,69210618,69210618,NA,NA,"all optimized methods within (n,rep)"
"proposal_tape|n=048|rep=007","proposal_tape",7,48,NA,69210619,69210619,NA,NA,"all optimized methods within (n,rep)"
"proposal_tape|n=048|rep=008","proposal_tape",8,48,NA,69210620,69210620,NA,NA,"all optimized methods within (n,rep)"
"proposal_tape|n=048|rep=009","proposal_tape",9,48,NA,69210621,69210621,NA,NA,"all optimized methods within (n,rep)"
"proposal_tape|n=048|rep=010","proposal_tape",10,48,NA,476655705,476655705,NA,NA,"all optimized methods within (n,rep)"
"proposal_tape|n=048|rep=011","proposal_tape",11,48,NA,476655706,476655706,NA,NA,"all optimized methods within (n,rep)"
"proposal_tape|n=048|rep=012","proposal_tape",12,48,NA,476655707,476655707,NA,NA,"all optimized methods within (n,rep)"
"proposal_tape|n=048|rep=013","proposal_tape",13,48,NA,476655708,476655708,NA,NA,"all optimized methods within (n,rep)"
"proposal_tape|n=048|rep=014","proposal_tape",14,48,NA,476655709,476655709,NA,NA,"all optimized methods within (n,rep)"
"proposal_tape|n=048|rep=015","proposal_tape",15,48,NA,476655710,476655710,NA,NA,"all optimized methods within (n,rep)"
"proposal_tape|n=048|rep=016","proposal_tape",16,48,NA,476655711,476655711,NA,NA,"all optimized methods within (n,rep)"
"proposal_tape|n=048|rep=017","proposal_tape",17,48,NA,476655712,476655712,NA,NA,"all optimized methods within (n,rep)"
"proposal_tape|n=048|rep=018","proposal_tape",18,48,NA,476655713,476655713,NA,NA,"all optimized methods within (n,rep)"
"proposal_tape|n=048|rep=019","proposal_tape",19,48,NA,476655714,476655714,NA,NA,"all optimized methods within (n,rep)"
"proposal_tape|n=048|rep=020","proposal_tape",20,48,NA,476655836,476655836,NA,NA,"all optimized methods within (n,rep)"
"proposal_tape|n=048|rep=021","proposal_tape",21,48,NA,476655837,476655837,NA,NA,"all optimized methods within (n,rep)"
"proposal_tape|n=048|rep=022","proposal_tape",22,48,NA,476655838,476655838,NA,NA,"all optimized methods within (n,rep)"
"proposal_tape|n=048|rep=023","proposal_tape",23,48,NA,476655839,476655839,NA,NA,"all optimized methods within (n,rep)"
"proposal_tape|n=048|rep=024","proposal_tape",24,48,NA,476655840,476655840,NA,NA,"all optimized methods within (n,rep)"
"proposal_tape|n=048|rep=025","proposal_tape",25,48,NA,476655841,476655841,NA,NA,"all optimized methods within (n,rep)"
"proposal_tape|n=048|rep=026","proposal_tape",26,48,NA,476655842,476655842,NA,NA,"all optimized methods within (n,rep)"
"proposal_tape|n=048|rep=027","proposal_tape",27,48,NA,476655843,476655843,NA,NA,"all optimized methods within (n,rep)"
"proposal_tape|n=048|rep=028","proposal_tape",28,48,NA,476655844,476655844,NA,NA,"all optimized methods within (n,rep)"
"proposal_tape|n=048|rep=029","proposal_tape",29,48,NA,476655845,476655845,NA,NA,"all optimized methods within (n,rep)"
"proposal_tape|n=048|rep=030","proposal_tape",30,48,NA,476655967,476655967,NA,NA,"all optimized methods within (n,rep)"
"proposal_tape|n=048|rep=031","proposal_tape",31,48,NA,476655968,476655968,NA,NA,"all optimized methods within (n,rep)"
"proposal_tape|n=048|rep=032","proposal_tape",32,48,NA,476655969,476655969,NA,NA,"all optimized methods within (n,rep)"
"proposal_tape|n=048|rep=033","proposal_tape",33,48,NA,476655970,476655970,NA,NA,"all optimized methods within (n,rep)"
"proposal_tape|n=048|rep=034","proposal_tape",34,48,NA,476655971,476655971,NA,NA,"all optimized methods within (n,rep)"
"proposal_tape|n=048|rep=035","proposal_tape",35,48,NA,476655972,476655972,NA,NA,"all optimized methods within (n,rep)"
"proposal_tape|n=048|rep=036","proposal_tape",36,48,NA,476655973,476655973,NA,NA,"all optimized methods within (n,rep)"
"proposal_tape|n=048|rep=037","proposal_tape",37,48,NA,476655974,476655974,NA,NA,"all optimized methods within (n,rep)"
"proposal_tape|n=048|rep=038","proposal_tape",38,48,NA,476655975,476655975,NA,NA,"all optimized methods within (n,rep)"
"proposal_tape|n=048|rep=039","proposal_tape",39,48,NA,476655976,476655976,NA,NA,"all optimized methods within (n,rep)"
"proposal_tape|n=048|rep=040","proposal_tape",40,48,NA,476656098,476656098,NA,NA,"all optimized methods within (n,rep)"
"proposal_tape|n=048|rep=041","proposal_tape",41,48,NA,476656099,476656099,NA,NA,"all optimized methods within (n,rep)"
"proposal_tape|n=048|rep=042","proposal_tape",42,48,NA,476656100,476656100,NA,NA,"all optimized methods within (n,rep)"
"proposal_tape|n=048|rep=043","proposal_tape",43,48,NA,476656101,476656101,NA,NA,"all optimized methods within (n,rep)"
"proposal_tape|n=048|rep=044","proposal_tape",44,48,NA,476656102,476656102,NA,NA,"all optimized methods within (n,rep)"
"proposal_tape|n=048|rep=045","proposal_tape",45,48,NA,476656103,476656103,NA,NA,"all optimized methods within (n,rep)"
"proposal_tape|n=048|rep=046","proposal_tape",46,48,NA,476656104,476656104,NA,NA,"all optimized methods within (n,rep)"
"proposal_tape|n=048|rep=047","proposal_tape",47,48,NA,476656105,476656105,NA,NA,"all optimized methods within (n,rep)"
"proposal_tape|n=048|rep=048","proposal_tape",48,48,NA,476656106,476656106,NA,NA,"all optimized methods within (n,rep)"
"proposal_tape|n=048|rep=049","proposal_tape",49,48,NA,476656107,476656107,NA,NA,"all optimized methods within (n,rep)"
"proposal_tape|n=048|rep=050","proposal_tape",50,48,NA,476656229,476656229,NA,NA,"all optimized methods within (n,rep)"
"proposal_tape|n=060|rep=001","proposal_tape",1,60,NA,73569507,73569507,NA,NA,"all optimized methods within (n,rep)"
"proposal_tape|n=060|rep=002","proposal_tape",2,60,NA,73569508,73569508,NA,NA,"all optimized methods within (n,rep)"
"proposal_tape|n=060|rep=003","proposal_tape",3,60,NA,73569509,73569509,NA,NA,"all optimized methods within (n,rep)"
"proposal_tape|n=060|rep=004","proposal_tape",4,60,NA,73569510,73569510,NA,NA,"all optimized methods within (n,rep)"
"proposal_tape|n=060|rep=005","proposal_tape",5,60,NA,73569511,73569511,NA,NA,"all optimized methods within (n,rep)"
"proposal_tape|n=060|rep=006","proposal_tape",6,60,NA,73569512,73569512,NA,NA,"all optimized methods within (n,rep)"
"proposal_tape|n=060|rep=007","proposal_tape",7,60,NA,73569513,73569513,NA,NA,"all optimized methods within (n,rep)"
"proposal_tape|n=060|rep=008","proposal_tape",8,60,NA,73569514,73569514,NA,NA,"all optimized methods within (n,rep)"
"proposal_tape|n=060|rep=009","proposal_tape",9,60,NA,73569515,73569515,NA,NA,"all optimized methods within (n,rep)"
"proposal_tape|n=060|rep=010","proposal_tape",10,60,NA,1047670819,1047670819,NA,NA,"all optimized methods within (n,rep)"
"proposal_tape|n=060|rep=011","proposal_tape",11,60,NA,1047670820,1047670820,NA,NA,"all optimized methods within (n,rep)"
"proposal_tape|n=060|rep=012","proposal_tape",12,60,NA,1047670821,1047670821,NA,NA,"all optimized methods within (n,rep)"
"proposal_tape|n=060|rep=013","proposal_tape",13,60,NA,1047670822,1047670822,NA,NA,"all optimized methods within (n,rep)"
"proposal_tape|n=060|rep=014","proposal_tape",14,60,NA,1047670823,1047670823,NA,NA,"all optimized methods within (n,rep)"
"proposal_tape|n=060|rep=015","proposal_tape",15,60,NA,1047670824,1047670824,NA,NA,"all optimized methods within (n,rep)"
"proposal_tape|n=060|rep=016","proposal_tape",16,60,NA,1047670825,1047670825,NA,NA,"all optimized methods within (n,rep)"
"proposal_tape|n=060|rep=017","proposal_tape",17,60,NA,1047670826,1047670826,NA,NA,"all optimized methods within (n,rep)"
"proposal_tape|n=060|rep=018","proposal_tape",18,60,NA,1047670827,1047670827,NA,NA,"all optimized methods within (n,rep)"
"proposal_tape|n=060|rep=019","proposal_tape",19,60,NA,1047670828,1047670828,NA,NA,"all optimized methods within (n,rep)"
"proposal_tape|n=060|rep=020","proposal_tape",20,60,NA,1047670950,1047670950,NA,NA,"all optimized methods within (n,rep)"
"proposal_tape|n=060|rep=021","proposal_tape",21,60,NA,1047670951,1047670951,NA,NA,"all optimized methods within (n,rep)"
"proposal_tape|n=060|rep=022","proposal_tape",22,60,NA,1047670952,1047670952,NA,NA,"all optimized methods within (n,rep)"
"proposal_tape|n=060|rep=023","proposal_tape",23,60,NA,1047670953,1047670953,NA,NA,"all optimized methods within (n,rep)"
"proposal_tape|n=060|rep=024","proposal_tape",24,60,NA,1047670954,1047670954,NA,NA,"all optimized methods within (n,rep)"
"proposal_tape|n=060|rep=025","proposal_tape",25,60,NA,1047670955,1047670955,NA,NA,"all optimized methods within (n,rep)"
"proposal_tape|n=060|rep=026","proposal_tape",26,60,NA,1047670956,1047670956,NA,NA,"all optimized methods within (n,rep)"
"proposal_tape|n=060|rep=027","proposal_tape",27,60,NA,1047670957,1047670957,NA,NA,"all optimized methods within (n,rep)"
"proposal_tape|n=060|rep=028","proposal_tape",28,60,NA,1047670958,1047670958,NA,NA,"all optimized methods within (n,rep)"
"proposal_tape|n=060|rep=029","proposal_tape",29,60,NA,1047670959,1047670959,NA,NA,"all optimized methods within (n,rep)"
"proposal_tape|n=060|rep=030","proposal_tape",30,60,NA,1047671081,1047671081,NA,NA,"all optimized methods within (n,rep)"
"proposal_tape|n=060|rep=031","proposal_tape",31,60,NA,1047671082,1047671082,NA,NA,"all optimized methods within (n,rep)"
"proposal_tape|n=060|rep=032","proposal_tape",32,60,NA,1047671083,1047671083,NA,NA,"all optimized methods within (n,rep)"
"proposal_tape|n=060|rep=033","proposal_tape",33,60,NA,1047671084,1047671084,NA,NA,"all optimized methods within (n,rep)"
"proposal_tape|n=060|rep=034","proposal_tape",34,60,NA,1047671085,1047671085,NA,NA,"all optimized methods within (n,rep)"
"proposal_tape|n=060|rep=035","proposal_tape",35,60,NA,1047671086,1047671086,NA,NA,"all optimized methods within (n,rep)"
"proposal_tape|n=060|rep=036","proposal_tape",36,60,NA,1047671087,1047671087,NA,NA,"all optimized methods within (n,rep)"
"proposal_tape|n=060|rep=037","proposal_tape",37,60,NA,1047671088,1047671088,NA,NA,"all optimized methods within (n,rep)"
"proposal_tape|n=060|rep=038","proposal_tape",38,60,NA,1047671089,1047671089,NA,NA,"all optimized methods within (n,rep)"
"proposal_tape|n=060|rep=039","proposal_tape",39,60,NA,1047671090,1047671090,NA,NA,"all optimized methods within (n,rep)"
"proposal_tape|n=060|rep=040","proposal_tape",40,60,NA,1047671212,1047671212,NA,NA,"all optimized methods within (n,rep)"
"proposal_tape|n=060|rep=041","proposal_tape",41,60,NA,1047671213,1047671213,NA,NA,"all optimized methods within (n,rep)"
"proposal_tape|n=060|rep=042","proposal_tape",42,60,NA,1047671214,1047671214,NA,NA,"all optimized methods within (n,rep)"
"proposal_tape|n=060|rep=043","proposal_tape",43,60,NA,1047671215,1047671215,NA,NA,"all optimized methods within (n,rep)"
"proposal_tape|n=060|rep=044","proposal_tape",44,60,NA,1047671216,1047671216,NA,NA,"all optimized methods within (n,rep)"
"proposal_tape|n=060|rep=045","proposal_tape",45,60,NA,1047671217,1047671217,NA,NA,"all optimized methods within (n,rep)"
"proposal_tape|n=060|rep=046","proposal_tape",46,60,NA,1047671218,1047671218,NA,NA,"all optimized methods within (n,rep)"
"proposal_tape|n=060|rep=047","proposal_tape",47,60,NA,1047671219,1047671219,NA,NA,"all optimized methods within (n,rep)"
"proposal_tape|n=060|rep=048","proposal_tape",48,60,NA,1047671220,1047671220,NA,NA,"all optimized methods within (n,rep)"
"proposal_tape|n=060|rep=049","proposal_tape",49,60,NA,1047671221,1047671221,NA,NA,"all optimized methods within (n,rep)"
"proposal_tape|n=060|rep=050","proposal_tape",50,60,NA,1047671343,1047671343,NA,NA,"all optimized methods within (n,rep)"
"pwo_beta|rep=001","pwo_beta",1,NA,NA,1460355582,1460355582,NA,NA,"all n, methods, and SNR within rep"
"pwo_beta|rep=002","pwo_beta",2,NA,NA,1460355583,1460355583,NA,NA,"all n, methods, and SNR within rep"
"pwo_beta|rep=003","pwo_beta",3,NA,NA,1460355584,1460355584,NA,NA,"all n, methods, and SNR within rep"
"pwo_beta|rep=004","pwo_beta",4,NA,NA,1460355585,1460355585,NA,NA,"all n, methods, and SNR within rep"
"pwo_beta|rep=005","pwo_beta",5,NA,NA,1460355586,1460355586,NA,NA,"all n, methods, and SNR within rep"
"pwo_beta|rep=006","pwo_beta",6,NA,NA,1460355587,1460355587,NA,NA,"all n, methods, and SNR within rep"
"pwo_beta|rep=007","pwo_beta",7,NA,NA,1460355588,1460355588,NA,NA,"all n, methods, and SNR within rep"
"pwo_beta|rep=008","pwo_beta",8,NA,NA,1460355589,1460355589,NA,NA,"all n, methods, and SNR within rep"
"pwo_beta|rep=009","pwo_beta",9,NA,NA,1460355590,1460355590,NA,NA,"all n, methods, and SNR within rep"
"pwo_beta|rep=010","pwo_beta",10,NA,NA,180538179,180538179,NA,NA,"all n, methods, and SNR within rep"
"pwo_beta|rep=011","pwo_beta",11,NA,NA,180538180,180538180,NA,NA,"all n, methods, and SNR within rep"
"pwo_beta|rep=012","pwo_beta",12,NA,NA,180538181,180538181,NA,NA,"all n, methods, and SNR within rep"
"pwo_beta|rep=013","pwo_beta",13,NA,NA,180538182,180538182,NA,NA,"all n, methods, and SNR within rep"
"pwo_beta|rep=014","pwo_beta",14,NA,NA,180538183,180538183,NA,NA,"all n, methods, and SNR within rep"
"pwo_beta|rep=015","pwo_beta",15,NA,NA,180538184,180538184,NA,NA,"all n, methods, and SNR within rep"
"pwo_beta|rep=016","pwo_beta",16,NA,NA,180538185,180538185,NA,NA,"all n, methods, and SNR within rep"
"pwo_beta|rep=017","pwo_beta",17,NA,NA,180538186,180538186,NA,NA,"all n, methods, and SNR within rep"
"pwo_beta|rep=018","pwo_beta",18,NA,NA,180538187,180538187,NA,NA,"all n, methods, and SNR within rep"
"pwo_beta|rep=019","pwo_beta",19,NA,NA,180538188,180538188,NA,NA,"all n, methods, and SNR within rep"
"pwo_beta|rep=020","pwo_beta",20,NA,NA,180538310,180538310,NA,NA,"all n, methods, and SNR within rep"
"pwo_beta|rep=021","pwo_beta",21,NA,NA,180538311,180538311,NA,NA,"all n, methods, and SNR within rep"
"pwo_beta|rep=022","pwo_beta",22,NA,NA,180538312,180538312,NA,NA,"all n, methods, and SNR within rep"
"pwo_beta|rep=023","pwo_beta",23,NA,NA,180538313,180538313,NA,NA,"all n, methods, and SNR within rep"
"pwo_beta|rep=024","pwo_beta",24,NA,NA,180538314,180538314,NA,NA,"all n, methods, and SNR within rep"
"pwo_beta|rep=025","pwo_beta",25,NA,NA,180538315,180538315,NA,NA,"all n, methods, and SNR within rep"
"pwo_beta|rep=026","pwo_beta",26,NA,NA,180538316,180538316,NA,NA,"all n, methods, and SNR within rep"
"pwo_beta|rep=027","pwo_beta",27,NA,NA,180538317,180538317,NA,NA,"all n, methods, and SNR within rep"
"pwo_beta|rep=028","pwo_beta",28,NA,NA,180538318,180538318,NA,NA,"all n, methods, and SNR within rep"
"pwo_beta|rep=029","pwo_beta",29,NA,NA,180538319,180538319,NA,NA,"all n, methods, and SNR within rep"
"pwo_beta|rep=030","pwo_beta",30,NA,NA,180538441,180538441,NA,NA,"all n, methods, and SNR within rep"
"pwo_beta|rep=031","pwo_beta",31,NA,NA,180538442,180538442,NA,NA,"all n, methods, and SNR within rep"
"pwo_beta|rep=032","pwo_beta",32,NA,NA,180538443,180538443,NA,NA,"all n, methods, and SNR within rep"
"pwo_beta|rep=033","pwo_beta",33,NA,NA,180538444,180538444,NA,NA,"all n, methods, and SNR within rep"
"pwo_beta|rep=034","pwo_beta",34,NA,NA,180538445,180538445,NA,NA,"all n, methods, and SNR within rep"
"pwo_beta|rep=035","pwo_beta",35,NA,NA,180538446,180538446,NA,NA,"all n, methods, and SNR within rep"
"pwo_beta|rep=036","pwo_beta",36,NA,NA,180538447,180538447,NA,NA,"all n, methods, and SNR within rep"
"pwo_beta|rep=037","pwo_beta",37,NA,NA,180538448,180538448,NA,NA,"all n, methods, and SNR within rep"
"pwo_beta|rep=038","pwo_beta",38,NA,NA,180538449,180538449,NA,NA,"all n, methods, and SNR within rep"
"pwo_beta|rep=039","pwo_beta",39,NA,NA,180538450,180538450,NA,NA,"all n, methods, and SNR within rep"
"pwo_beta|rep=040","pwo_beta",40,NA,NA,180538572,180538572,NA,NA,"all n, methods, and SNR within rep"
"pwo_beta|rep=041","pwo_beta",41,NA,NA,180538573,180538573,NA,NA,"all n, methods, and SNR within rep"
"pwo_beta|rep=042","pwo_beta",42,NA,NA,180538574,180538574,NA,NA,"all n, methods, and SNR within rep"
"pwo_beta|rep=043","pwo_beta",43,NA,NA,180538575,180538575,NA,NA,"all n, methods, and SNR within rep"
"pwo_beta|rep=044","pwo_beta",44,NA,NA,180538576,180538576,NA,NA,"all n, methods, and SNR within rep"
"pwo_beta|rep=045","pwo_beta",45,NA,NA,180538577,180538577,NA,NA,"all n, methods, and SNR within rep"
"pwo_beta|rep=046","pwo_beta",46,NA,NA,180538578,180538578,NA,NA,"all n, methods, and SNR within rep"
"pwo_beta|rep=047","pwo_beta",47,NA,NA,180538579,180538579,NA,NA,"all n, methods, and SNR within rep"
"pwo_beta|rep=048","pwo_beta",48,NA,NA,180538580,180538580,NA,NA,"all n, methods, and SNR within rep"
"pwo_beta|rep=049","pwo_beta",49,NA,NA,180538581,180538581,NA,NA,"all n, methods, and SNR within rep"
"pwo_beta|rep=050","pwo_beta",50,NA,NA,180538703,180538703,NA,NA,"all n, methods, and SNR within rep"
"pwo_noise|rep=001","pwo_noise",1,NA,NA,396495140,396495140,NA,NA,"one standard-noise path scaled across SNR and shared over n/method"
"pwo_noise|rep=002","pwo_noise",2,NA,NA,396495141,396495141,NA,NA,"one standard-noise path scaled across SNR and shared over n/method"
"pwo_noise|rep=003","pwo_noise",3,NA,NA,396495142,396495142,NA,NA,"one standard-noise path scaled across SNR and shared over n/method"
"pwo_noise|rep=004","pwo_noise",4,NA,NA,396495143,396495143,NA,NA,"one standard-noise path scaled across SNR and shared over n/method"
"pwo_noise|rep=005","pwo_noise",5,NA,NA,396495144,396495144,NA,NA,"one standard-noise path scaled across SNR and shared over n/method"
"pwo_noise|rep=006","pwo_noise",6,NA,NA,396495145,396495145,NA,NA,"one standard-noise path scaled across SNR and shared over n/method"
"pwo_noise|rep=007","pwo_noise",7,NA,NA,396495146,396495146,NA,NA,"one standard-noise path scaled across SNR and shared over n/method"
"pwo_noise|rep=008","pwo_noise",8,NA,NA,396495147,396495147,NA,NA,"one standard-noise path scaled across SNR and shared over n/method"
"pwo_noise|rep=009","pwo_noise",9,NA,NA,396495148,396495148,NA,NA,"one standard-noise path scaled across SNR and shared over n/method"
"pwo_noise|rep=010","pwo_noise",10,NA,NA,401256162,401256162,NA,NA,"one standard-noise path scaled across SNR and shared over n/method"
"pwo_noise|rep=011","pwo_noise",11,NA,NA,401256163,401256163,NA,NA,"one standard-noise path scaled across SNR and shared over n/method"
"pwo_noise|rep=012","pwo_noise",12,NA,NA,401256164,401256164,NA,NA,"one standard-noise path scaled across SNR and shared over n/method"
"pwo_noise|rep=013","pwo_noise",13,NA,NA,401256165,401256165,NA,NA,"one standard-noise path scaled across SNR and shared over n/method"
"pwo_noise|rep=014","pwo_noise",14,NA,NA,401256166,401256166,NA,NA,"one standard-noise path scaled across SNR and shared over n/method"
"pwo_noise|rep=015","pwo_noise",15,NA,NA,401256167,401256167,NA,NA,"one standard-noise path scaled across SNR and shared over n/method"
"pwo_noise|rep=016","pwo_noise",16,NA,NA,401256168,401256168,NA,NA,"one standard-noise path scaled across SNR and shared over n/method"
"pwo_noise|rep=017","pwo_noise",17,NA,NA,401256169,401256169,NA,NA,"one standard-noise path scaled across SNR and shared over n/method"
"pwo_noise|rep=018","pwo_noise",18,NA,NA,401256170,401256170,NA,NA,"one standard-noise path scaled across SNR and shared over n/method"
"pwo_noise|rep=019","pwo_noise",19,NA,NA,401256171,401256171,NA,NA,"one standard-noise path scaled across SNR and shared over n/method"
"pwo_noise|rep=020","pwo_noise",20,NA,NA,401256293,401256293,NA,NA,"one standard-noise path scaled across SNR and shared over n/method"
"pwo_noise|rep=021","pwo_noise",21,NA,NA,401256294,401256294,NA,NA,"one standard-noise path scaled across SNR and shared over n/method"
"pwo_noise|rep=022","pwo_noise",22,NA,NA,401256295,401256295,NA,NA,"one standard-noise path scaled across SNR and shared over n/method"
"pwo_noise|rep=023","pwo_noise",23,NA,NA,401256296,401256296,NA,NA,"one standard-noise path scaled across SNR and shared over n/method"
"pwo_noise|rep=024","pwo_noise",24,NA,NA,401256297,401256297,NA,NA,"one standard-noise path scaled across SNR and shared over n/method"
"pwo_noise|rep=025","pwo_noise",25,NA,NA,401256298,401256298,NA,NA,"one standard-noise path scaled across SNR and shared over n/method"
"pwo_noise|rep=026","pwo_noise",26,NA,NA,401256299,401256299,NA,NA,"one standard-noise path scaled across SNR and shared over n/method"
"pwo_noise|rep=027","pwo_noise",27,NA,NA,401256300,401256300,NA,NA,"one standard-noise path scaled across SNR and shared over n/method"
"pwo_noise|rep=028","pwo_noise",28,NA,NA,401256301,401256301,NA,NA,"one standard-noise path scaled across SNR and shared over n/method"
"pwo_noise|rep=029","pwo_noise",29,NA,NA,401256302,401256302,NA,NA,"one standard-noise path scaled across SNR and shared over n/method"
"pwo_noise|rep=030","pwo_noise",30,NA,NA,401256424,401256424,NA,NA,"one standard-noise path scaled across SNR and shared over n/method"
"pwo_noise|rep=031","pwo_noise",31,NA,NA,401256425,401256425,NA,NA,"one standard-noise path scaled across SNR and shared over n/method"
"pwo_noise|rep=032","pwo_noise",32,NA,NA,401256426,401256426,NA,NA,"one standard-noise path scaled across SNR and shared over n/method"
"pwo_noise|rep=033","pwo_noise",33,NA,NA,401256427,401256427,NA,NA,"one standard-noise path scaled across SNR and shared over n/method"
"pwo_noise|rep=034","pwo_noise",34,NA,NA,401256428,401256428,NA,NA,"one standard-noise path scaled across SNR and shared over n/method"
"pwo_noise|rep=035","pwo_noise",35,NA,NA,401256429,401256429,NA,NA,"one standard-noise path scaled across SNR and shared over n/method"
"pwo_noise|rep=036","pwo_noise",36,NA,NA,401256430,401256430,NA,NA,"one standard-noise path scaled across SNR and shared over n/method"
"pwo_noise|rep=037","pwo_noise",37,NA,NA,401256431,401256431,NA,NA,"one standard-noise path scaled across SNR and shared over n/method"
"pwo_noise|rep=038","pwo_noise",38,NA,NA,401256432,401256432,NA,NA,"one standard-noise path scaled across SNR and shared over n/method"
"pwo_noise|rep=039","pwo_noise",39,NA,NA,401256433,401256433,NA,NA,"one standard-noise path scaled across SNR and shared over n/method"
"pwo_noise|rep=040","pwo_noise",40,NA,NA,401256555,401256555,NA,NA,"one standard-noise path scaled across SNR and shared over n/method"
"pwo_noise|rep=041","pwo_noise",41,NA,NA,401256556,401256556,NA,NA,"one standard-noise path scaled across SNR and shared over n/method"
"pwo_noise|rep=042","pwo_noise",42,NA,NA,401256557,401256557,NA,NA,"one standard-noise path scaled across SNR and shared over n/method"
"pwo_noise|rep=043","pwo_noise",43,NA,NA,401256558,401256558,NA,NA,"one standard-noise path scaled across SNR and shared over n/method"
"pwo_noise|rep=044","pwo_noise",44,NA,NA,401256559,401256559,NA,NA,"one standard-noise path scaled across SNR and shared over n/method"
"pwo_noise|rep=045","pwo_noise",45,NA,NA,401256560,401256560,NA,NA,"one standard-noise path scaled across SNR and shared over n/method"
"pwo_noise|rep=046","pwo_noise",46,NA,NA,401256561,401256561,NA,NA,"one standard-noise path scaled across SNR and shared over n/method"
"pwo_noise|rep=047","pwo_noise",47,NA,NA,401256562,401256562,NA,NA,"one standard-noise path scaled across SNR and shared over n/method"
"pwo_noise|rep=048","pwo_noise",48,NA,NA,401256563,401256563,NA,NA,"one standard-noise path scaled across SNR and shared over n/method"
"pwo_noise|rep=049","pwo_noise",49,NA,NA,401256564,401256564,NA,NA,"one standard-noise path scaled across SNR and shared over n/method"
"pwo_noise|rep=050","pwo_noise",50,NA,NA,401256686,401256686,NA,NA,"one standard-noise path scaled across SNR and shared over n/method"
