"scope","repetition","profile_id","step","purpose","seed"
"physics_profile",,1,,"seed_uW",1446696410
"physics_profile",,1,,"seed_sW",1446696148
"physics_profile",,1,,"seed_uH",1446696395
"physics_profile",,1,,"seed_sH",1446696133
"physics_profile",,2,,"seed_uW",1448944501
"physics_profile",,2,,"seed_sW",1448944239
"physics_profile",,2,,"seed_uH",1448944486
"physics_profile",,2,,"seed_sH",1448944224
"physics_profile",,3,,"seed_uW",1451192592
"physics_profile",,3,,"seed_sW",1451192330
"physics_profile",,3,,"seed_uH",1451192577
"physics_profile",,3,,"seed_sH",1451192315
"physics_profile",,4,,"seed_uW",1453440683
"physics_profile",,4,,"seed_sW",1453440421
"physics_profile",,4,,"seed_uH",1453440668
"physics_profile",,4,,"seed_sH",1453440406
"physics_profile",,5,,"seed_uW",1455688774
"physics_profile",,5,,"seed_sW",1455688512
"physics_profile",,5,,"seed_uH",1455688759
"physics_profile",,5,,"seed_sH",1455688497
"profile_assignment",,,,"balanced_assignment",1092528774
"initial_test",1,4,,"initial_common_test",2134030465
"reversal_test",1,4,,"heldout_reversal_pairs",826589233
"initial_test",2,2,,"initial_common_test",2134030466
"reversal_test",2,2,,"heldout_reversal_pairs",826589234
"initial_test",3,1,,"initial_common_test",2134030467
"reversal_test",3,1,,"heldout_reversal_pairs",826589235
"initial_test",4,3,,"initial_common_test",2134030468
"reversal_test",4,3,,"heldout_reversal_pairs",826589236
"initial_test",5,3,,"initial_common_test",2134030469
"reversal_test",5,3,,"heldout_reversal_pairs",826589237
"initial_test",6,1,,"initial_common_test",2134030470
"reversal_test",6,1,,"heldout_reversal_pairs",826589238
"initial_test",7,3,,"initial_common_test",2134030471
"reversal_test",7,3,,"heldout_reversal_pairs",826589239
"initial_test",8,2,,"initial_common_test",2134030472
"reversal_test",8,2,,"heldout_reversal_pairs",826589240
"initial_test",9,2,,"initial_common_test",2134030473
"reversal_test",9,2,,"heldout_reversal_pairs",826589241
"initial_test",10,3,,"initial_common_test",385119063
"reversal_test",10,3,,"heldout_reversal_pairs",909007991
"initial_test",11,4,,"initial_common_test",385119064
"reversal_test",11,4,,"heldout_reversal_pairs",909007992
"initial_test",12,1,,"initial_common_test",385119065
"reversal_test",12,1,,"heldout_reversal_pairs",909007993
"initial_test",13,1,,"initial_common_test",385119066
"reversal_test",13,1,,"heldout_reversal_pairs",909007994
"initial_test",14,3,,"initial_common_test",385119067
"reversal_test",14,3,,"heldout_reversal_pairs",909007995
"initial_test",15,4,,"initial_common_test",385119068
"reversal_test",15,4,,"heldout_reversal_pairs",909007996
"initial_test",16,2,,"initial_common_test",385119069
"reversal_test",16,2,,"heldout_reversal_pairs",909007997
"initial_test",17,5,,"initial_common_test",385119070
"reversal_test",17,5,,"heldout_reversal_pairs",909007998
"initial_test",18,5,,"initial_common_test",385119071
"reversal_test",18,5,,"heldout_reversal_pairs",909007999
"initial_test",19,2,,"initial_common_test",385119072
"reversal_test",19,2,,"heldout_reversal_pairs",909008000
"initial_test",20,1,,"initial_common_test",385119194
"reversal_test",20,1,,"heldout_reversal_pairs",909008122
"initial_test",21,4,,"initial_common_test",385119195
"reversal_test",21,4,,"heldout_reversal_pairs",909008123
"initial_test",22,1,,"initial_common_test",385119196
"reversal_test",22,1,,"heldout_reversal_pairs",909008124
"initial_test",23,5,,"initial_common_test",385119197
"reversal_test",23,5,,"heldout_reversal_pairs",909008125
"initial_test",24,4,,"initial_common_test",385119198
"reversal_test",24,4,,"heldout_reversal_pairs",909008126
"initial_test",25,2,,"initial_common_test",385119199
"reversal_test",25,2,,"heldout_reversal_pairs",909008127
"initial_test",26,5,,"initial_common_test",385119200
"reversal_test",26,5,,"heldout_reversal_pairs",909008128
"initial_test",27,5,,"initial_common_test",385119201
"reversal_test",27,5,,"heldout_reversal_pairs",909008129
"initial_test",28,5,,"initial_common_test",385119202
"reversal_test",28,5,,"heldout_reversal_pairs",909008130
"initial_test",29,3,,"initial_common_test",385119203
"reversal_test",29,3,,"heldout_reversal_pairs",909008131
"initial_test",30,4,,"initial_common_test",385119325
"reversal_test",30,4,,"heldout_reversal_pairs",909008253
"bo_candidate_pool",1,,1,"inherited_common_raw_pool",741516516
"bo_candidate_pool",1,,2,"inherited_common_raw_pool",741516517
"bo_candidate_pool",1,,3,"inherited_common_raw_pool",741516518
"bo_candidate_pool",1,,4,"inherited_common_raw_pool",741516519
"bo_candidate_pool",1,,5,"inherited_common_raw_pool",741516520
"bo_candidate_pool",1,,6,"inherited_common_raw_pool",741516521
"bo_candidate_pool",1,,7,"inherited_common_raw_pool",741516522
"bo_candidate_pool",1,,8,"inherited_common_raw_pool",741516523
"bo_candidate_pool",1,,9,"inherited_common_raw_pool",741516524
"bo_candidate_pool",1,,10,"inherited_common_raw_pool",501900209
"bo_candidate_pool",1,,11,"inherited_common_raw_pool",501900210
"bo_candidate_pool",1,,12,"inherited_common_raw_pool",501900211
"bo_candidate_pool",1,,13,"inherited_common_raw_pool",501900212
"bo_candidate_pool",1,,14,"inherited_common_raw_pool",501900213
"bo_candidate_pool",1,,15,"inherited_common_raw_pool",501900214
"bo_candidate_pool",1,,16,"inherited_common_raw_pool",501900215
"bo_candidate_pool",1,,17,"inherited_common_raw_pool",501900216
"bo_candidate_pool",1,,18,"inherited_common_raw_pool",501900217
"bo_candidate_pool",1,,19,"inherited_common_raw_pool",501900218
"bo_candidate_pool",1,,20,"inherited_common_raw_pool",501900340
"bo_candidate_pool",1,,21,"inherited_common_raw_pool",501900341
"bo_candidate_pool",1,,22,"inherited_common_raw_pool",501900342
"bo_candidate_pool",1,,23,"inherited_common_raw_pool",501900343
"bo_candidate_pool",1,,24,"inherited_common_raw_pool",501900344
"bo_candidate_pool",1,,25,"inherited_common_raw_pool",501900345
"bo_candidate_pool",1,,26,"inherited_common_raw_pool",501900346
"bo_candidate_pool",1,,27,"inherited_common_raw_pool",501900347
"bo_candidate_pool",1,,28,"inherited_common_raw_pool",501900348
"bo_candidate_pool",1,,29,"inherited_common_raw_pool",501900349
"bo_candidate_pool",1,,30,"inherited_common_raw_pool",501900471
"bo_candidate_pool",1,,31,"inherited_common_raw_pool",501900472
"bo_candidate_pool",1,,32,"inherited_common_raw_pool",501900473
"bo_candidate_pool",1,,33,"inherited_common_raw_pool",501900474
"bo_candidate_pool",1,,34,"inherited_common_raw_pool",501900475
"bo_candidate_pool",1,,35,"inherited_common_raw_pool",501900476
"bo_candidate_pool",1,,36,"inherited_common_raw_pool",501900477
"bo_candidate_pool",1,,37,"inherited_common_raw_pool",501900478
"bo_candidate_pool",1,,38,"inherited_common_raw_pool",501900479
"bo_candidate_pool",1,,39,"inherited_common_raw_pool",501900480
"bo_candidate_pool",1,,40,"inherited_common_raw_pool",501900602
"bo_candidate_pool",2,,1,"inherited_common_raw_pool",741533677
"bo_candidate_pool",2,,2,"inherited_common_raw_pool",741533678
"bo_candidate_pool",2,,3,"inherited_common_raw_pool",741533679
"bo_candidate_pool",2,,4,"inherited_common_raw_pool",741533680
"bo_candidate_pool",2,,5,"inherited_common_raw_pool",741533681
"bo_candidate_pool",2,,6,"inherited_common_raw_pool",741533682
"bo_candidate_pool",2,,7,"inherited_common_raw_pool",741533683
"bo_candidate_pool",2,,8,"inherited_common_raw_pool",741533684
"bo_candidate_pool",2,,9,"inherited_common_raw_pool",741533685
"bo_candidate_pool",2,,10,"inherited_common_raw_pool",504148300
"bo_candidate_pool",2,,11,"inherited_common_raw_pool",504148301
"bo_candidate_pool",2,,12,"inherited_common_raw_pool",504148302
"bo_candidate_pool",2,,13,"inherited_common_raw_pool",504148303
"bo_candidate_pool",2,,14,"inherited_common_raw_pool",504148304
"bo_candidate_pool",2,,15,"inherited_common_raw_pool",504148305
"bo_candidate_pool",2,,16,"inherited_common_raw_pool",504148306
"bo_candidate_pool",2,,17,"inherited_common_raw_pool",504148307
"bo_candidate_pool",2,,18,"inherited_common_raw_pool",504148308
"bo_candidate_pool",2,,19,"inherited_common_raw_pool",504148309
"bo_candidate_pool",2,,20,"inherited_common_raw_pool",504148431
"bo_candidate_pool",2,,21,"inherited_common_raw_pool",504148432
"bo_candidate_pool",2,,22,"inherited_common_raw_pool",504148433
"bo_candidate_pool",2,,23,"inherited_common_raw_pool",504148434
"bo_candidate_pool",2,,24,"inherited_common_raw_pool",504148435
"bo_candidate_pool",2,,25,"inherited_common_raw_pool",504148436
"bo_candidate_pool",2,,26,"inherited_common_raw_pool",504148437
"bo_candidate_pool",2,,27,"inherited_common_raw_pool",504148438
"bo_candidate_pool",2,,28,"inherited_common_raw_pool",504148439
"bo_candidate_pool",2,,29,"inherited_common_raw_pool",504148440
"bo_candidate_pool",2,,30,"inherited_common_raw_pool",504148562
"bo_candidate_pool",2,,31,"inherited_common_raw_pool",504148563
"bo_candidate_pool",2,,32,"inherited_common_raw_pool",504148564
"bo_candidate_pool",2,,33,"inherited_common_raw_pool",504148565
"bo_candidate_pool",2,,34,"inherited_common_raw_pool",504148566
"bo_candidate_pool",2,,35,"inherited_common_raw_pool",504148567
"bo_candidate_pool",2,,36,"inherited_common_raw_pool",504148568
"bo_candidate_pool",2,,37,"inherited_common_raw_pool",504148569
"bo_candidate_pool",2,,38,"inherited_common_raw_pool",504148570
"bo_candidate_pool",2,,39,"inherited_common_raw_pool",504148571
"bo_candidate_pool",2,,40,"inherited_common_raw_pool",504148693
"bo_candidate_pool",3,,1,"inherited_common_raw_pool",741550838
"bo_candidate_pool",3,,2,"inherited_common_raw_pool",741550839
"bo_candidate_pool",3,,3,"inherited_common_raw_pool",741550840
"bo_candidate_pool",3,,4,"inherited_common_raw_pool",741550841
"bo_candidate_pool",3,,5,"inherited_common_raw_pool",741550842
"bo_candidate_pool",3,,6,"inherited_common_raw_pool",741550843
"bo_candidate_pool",3,,7,"inherited_common_raw_pool",741550844
"bo_candidate_pool",3,,8,"inherited_common_raw_pool",741550845
"bo_candidate_pool",3,,9,"inherited_common_raw_pool",741550846
"bo_candidate_pool",3,,10,"inherited_common_raw_pool",506396391
"bo_candidate_pool",3,,11,"inherited_common_raw_pool",506396392
"bo_candidate_pool",3,,12,"inherited_common_raw_pool",506396393
"bo_candidate_pool",3,,13,"inherited_common_raw_pool",506396394
"bo_candidate_pool",3,,14,"inherited_common_raw_pool",506396395
"bo_candidate_pool",3,,15,"inherited_common_raw_pool",506396396
"bo_candidate_pool",3,,16,"inherited_common_raw_pool",506396397
"bo_candidate_pool",3,,17,"inherited_common_raw_pool",506396398
"bo_candidate_pool",3,,18,"inherited_common_raw_pool",506396399
"bo_candidate_pool",3,,19,"inherited_common_raw_pool",506396400
"bo_candidate_pool",3,,20,"inherited_common_raw_pool",506396522
"bo_candidate_pool",3,,21,"inherited_common_raw_pool",506396523
"bo_candidate_pool",3,,22,"inherited_common_raw_pool",506396524
"bo_candidate_pool",3,,23,"inherited_common_raw_pool",506396525
"bo_candidate_pool",3,,24,"inherited_common_raw_pool",506396526
"bo_candidate_pool",3,,25,"inherited_common_raw_pool",506396527
"bo_candidate_pool",3,,26,"inherited_common_raw_pool",506396528
"bo_candidate_pool",3,,27,"inherited_common_raw_pool",506396529
"bo_candidate_pool",3,,28,"inherited_common_raw_pool",506396530
"bo_candidate_pool",3,,29,"inherited_common_raw_pool",506396531
"bo_candidate_pool",3,,30,"inherited_common_raw_pool",506396653
"bo_candidate_pool",3,,31,"inherited_common_raw_pool",506396654
"bo_candidate_pool",3,,32,"inherited_common_raw_pool",506396655
"bo_candidate_pool",3,,33,"inherited_common_raw_pool",506396656
"bo_candidate_pool",3,,34,"inherited_common_raw_pool",506396657
"bo_candidate_pool",3,,35,"inherited_common_raw_pool",506396658
"bo_candidate_pool",3,,36,"inherited_common_raw_pool",506396659
"bo_candidate_pool",3,,37,"inherited_common_raw_pool",506396660
"bo_candidate_pool",3,,38,"inherited_common_raw_pool",506396661
"bo_candidate_pool",3,,39,"inherited_common_raw_pool",506396662
"bo_candidate_pool",3,,40,"inherited_common_raw_pool",506396784
"bo_candidate_pool",4,,1,"inherited_common_raw_pool",741567999
"bo_candidate_pool",4,,2,"inherited_common_raw_pool",741568000
"bo_candidate_pool",4,,3,"inherited_common_raw_pool",741568001
"bo_candidate_pool",4,,4,"inherited_common_raw_pool",741568002
"bo_candidate_pool",4,,5,"inherited_common_raw_pool",741568003
"bo_candidate_pool",4,,6,"inherited_common_raw_pool",741568004
"bo_candidate_pool",4,,7,"inherited_common_raw_pool",741568005
"bo_candidate_pool",4,,8,"inherited_common_raw_pool",741568006
"bo_candidate_pool",4,,9,"inherited_common_raw_pool",741568007
"bo_candidate_pool",4,,10,"inherited_common_raw_pool",508644482
"bo_candidate_pool",4,,11,"inherited_common_raw_pool",508644483
"bo_candidate_pool",4,,12,"inherited_common_raw_pool",508644484
"bo_candidate_pool",4,,13,"inherited_common_raw_pool",508644485
"bo_candidate_pool",4,,14,"inherited_common_raw_pool",508644486
"bo_candidate_pool",4,,15,"inherited_common_raw_pool",508644487
"bo_candidate_pool",4,,16,"inherited_common_raw_pool",508644488
"bo_candidate_pool",4,,17,"inherited_common_raw_pool",508644489
"bo_candidate_pool",4,,18,"inherited_common_raw_pool",508644490
"bo_candidate_pool",4,,19,"inherited_common_raw_pool",508644491
"bo_candidate_pool",4,,20,"inherited_common_raw_pool",508644613
"bo_candidate_pool",4,,21,"inherited_common_raw_pool",508644614
"bo_candidate_pool",4,,22,"inherited_common_raw_pool",508644615
"bo_candidate_pool",4,,23,"inherited_common_raw_pool",508644616
"bo_candidate_pool",4,,24,"inherited_common_raw_pool",508644617
"bo_candidate_pool",4,,25,"inherited_common_raw_pool",508644618
"bo_candidate_pool",4,,26,"inherited_common_raw_pool",508644619
"bo_candidate_pool",4,,27,"inherited_common_raw_pool",508644620
"bo_candidate_pool",4,,28,"inherited_common_raw_pool",508644621
"bo_candidate_pool",4,,29,"inherited_common_raw_pool",508644622
"bo_candidate_pool",4,,30,"inherited_common_raw_pool",508644744
"bo_candidate_pool",4,,31,"inherited_common_raw_pool",508644745
"bo_candidate_pool",4,,32,"inherited_common_raw_pool",508644746
"bo_candidate_pool",4,,33,"inherited_common_raw_pool",508644747
"bo_candidate_pool",4,,34,"inherited_common_raw_pool",508644748
"bo_candidate_pool",4,,35,"inherited_common_raw_pool",508644749
"bo_candidate_pool",4,,36,"inherited_common_raw_pool",508644750
"bo_candidate_pool",4,,37,"inherited_common_raw_pool",508644751
"bo_candidate_pool",4,,38,"inherited_common_raw_pool",508644752
"bo_candidate_pool",4,,39,"inherited_common_raw_pool",508644753
"bo_candidate_pool",4,,40,"inherited_common_raw_pool",508644875
"bo_candidate_pool",5,,1,"inherited_common_raw_pool",741585160
"bo_candidate_pool",5,,2,"inherited_common_raw_pool",741585161
"bo_candidate_pool",5,,3,"inherited_common_raw_pool",741585162
"bo_candidate_pool",5,,4,"inherited_common_raw_pool",741585163
"bo_candidate_pool",5,,5,"inherited_common_raw_pool",741585164
"bo_candidate_pool",5,,6,"inherited_common_raw_pool",741585165
"bo_candidate_pool",5,,7,"inherited_common_raw_pool",741585166
"bo_candidate_pool",5,,8,"inherited_common_raw_pool",741585167
"bo_candidate_pool",5,,9,"inherited_common_raw_pool",741585168
"bo_candidate_pool",5,,10,"inherited_common_raw_pool",510892573
"bo_candidate_pool",5,,11,"inherited_common_raw_pool",510892574
"bo_candidate_pool",5,,12,"inherited_common_raw_pool",510892575
"bo_candidate_pool",5,,13,"inherited_common_raw_pool",510892576
"bo_candidate_pool",5,,14,"inherited_common_raw_pool",510892577
"bo_candidate_pool",5,,15,"inherited_common_raw_pool",510892578
"bo_candidate_pool",5,,16,"inherited_common_raw_pool",510892579
"bo_candidate_pool",5,,17,"inherited_common_raw_pool",510892580
"bo_candidate_pool",5,,18,"inherited_common_raw_pool",510892581
"bo_candidate_pool",5,,19,"inherited_common_raw_pool",510892582
"bo_candidate_pool",5,,20,"inherited_common_raw_pool",510892704
"bo_candidate_pool",5,,21,"inherited_common_raw_pool",510892705
"bo_candidate_pool",5,,22,"inherited_common_raw_pool",510892706
"bo_candidate_pool",5,,23,"inherited_common_raw_pool",510892707
"bo_candidate_pool",5,,24,"inherited_common_raw_pool",510892708
"bo_candidate_pool",5,,25,"inherited_common_raw_pool",510892709
"bo_candidate_pool",5,,26,"inherited_common_raw_pool",510892710
"bo_candidate_pool",5,,27,"inherited_common_raw_pool",510892711
"bo_candidate_pool",5,,28,"inherited_common_raw_pool",510892712
"bo_candidate_pool",5,,29,"inherited_common_raw_pool",510892713
"bo_candidate_pool",5,,30,"inherited_common_raw_pool",510892835
"bo_candidate_pool",5,,31,"inherited_common_raw_pool",510892836
"bo_candidate_pool",5,,32,"inherited_common_raw_pool",510892837
"bo_candidate_pool",5,,33,"inherited_common_raw_pool",510892838
"bo_candidate_pool",5,,34,"inherited_common_raw_pool",510892839
"bo_candidate_pool",5,,35,"inherited_common_raw_pool",510892840
"bo_candidate_pool",5,,36,"inherited_common_raw_pool",510892841
"bo_candidate_pool",5,,37,"inherited_common_raw_pool",510892842
"bo_candidate_pool",5,,38,"inherited_common_raw_pool",510892843
"bo_candidate_pool",5,,39,"inherited_common_raw_pool",510892844
"bo_candidate_pool",5,,40,"inherited_common_raw_pool",510892966
"bo_candidate_pool",6,,1,"inherited_common_raw_pool",741602321
"bo_candidate_pool",6,,2,"inherited_common_raw_pool",741602322
"bo_candidate_pool",6,,3,"inherited_common_raw_pool",741602323
"bo_candidate_pool",6,,4,"inherited_common_raw_pool",741602324
"bo_candidate_pool",6,,5,"inherited_common_raw_pool",741602325
"bo_candidate_pool",6,,6,"inherited_common_raw_pool",741602326
"bo_candidate_pool",6,,7,"inherited_common_raw_pool",741602327
"bo_candidate_pool",6,,8,"inherited_common_raw_pool",741602328
"bo_candidate_pool",6,,9,"inherited_common_raw_pool",741602329
"bo_candidate_pool",6,,10,"inherited_common_raw_pool",513140664
"bo_candidate_pool",6,,11,"inherited_common_raw_pool",513140665
"bo_candidate_pool",6,,12,"inherited_common_raw_pool",513140666
"bo_candidate_pool",6,,13,"inherited_common_raw_pool",513140667
"bo_candidate_pool",6,,14,"inherited_common_raw_pool",513140668
"bo_candidate_pool",6,,15,"inherited_common_raw_pool",513140669
"bo_candidate_pool",6,,16,"inherited_common_raw_pool",513140670
"bo_candidate_pool",6,,17,"inherited_common_raw_pool",513140671
"bo_candidate_pool",6,,18,"inherited_common_raw_pool",513140672
"bo_candidate_pool",6,,19,"inherited_common_raw_pool",513140673
"bo_candidate_pool",6,,20,"inherited_common_raw_pool",513140795
"bo_candidate_pool",6,,21,"inherited_common_raw_pool",513140796
"bo_candidate_pool",6,,22,"inherited_common_raw_pool",513140797
"bo_candidate_pool",6,,23,"inherited_common_raw_pool",513140798
"bo_candidate_pool",6,,24,"inherited_common_raw_pool",513140799
"bo_candidate_pool",6,,25,"inherited_common_raw_pool",513140800
"bo_candidate_pool",6,,26,"inherited_common_raw_pool",513140801
"bo_candidate_pool",6,,27,"inherited_common_raw_pool",513140802
"bo_candidate_pool",6,,28,"inherited_common_raw_pool",513140803
"bo_candidate_pool",6,,29,"inherited_common_raw_pool",513140804
"bo_candidate_pool",6,,30,"inherited_common_raw_pool",513140926
"bo_candidate_pool",6,,31,"inherited_common_raw_pool",513140927
"bo_candidate_pool",6,,32,"inherited_common_raw_pool",513140928
"bo_candidate_pool",6,,33,"inherited_common_raw_pool",513140929
"bo_candidate_pool",6,,34,"inherited_common_raw_pool",513140930
"bo_candidate_pool",6,,35,"inherited_common_raw_pool",513140931
"bo_candidate_pool",6,,36,"inherited_common_raw_pool",513140932
"bo_candidate_pool",6,,37,"inherited_common_raw_pool",513140933
"bo_candidate_pool",6,,38,"inherited_common_raw_pool",513140934
"bo_candidate_pool",6,,39,"inherited_common_raw_pool",513140935
"bo_candidate_pool",6,,40,"inherited_common_raw_pool",513141057
"bo_candidate_pool",7,,1,"inherited_common_raw_pool",741619482
"bo_candidate_pool",7,,2,"inherited_common_raw_pool",741619483
"bo_candidate_pool",7,,3,"inherited_common_raw_pool",741619484
"bo_candidate_pool",7,,4,"inherited_common_raw_pool",741619485
"bo_candidate_pool",7,,5,"inherited_common_raw_pool",741619486
"bo_candidate_pool",7,,6,"inherited_common_raw_pool",741619487
"bo_candidate_pool",7,,7,"inherited_common_raw_pool",741619488
"bo_candidate_pool",7,,8,"inherited_common_raw_pool",741619489
"bo_candidate_pool",7,,9,"inherited_common_raw_pool",741619490
"bo_candidate_pool",7,,10,"inherited_common_raw_pool",515388755
"bo_candidate_pool",7,,11,"inherited_common_raw_pool",515388756
"bo_candidate_pool",7,,12,"inherited_common_raw_pool",515388757
"bo_candidate_pool",7,,13,"inherited_common_raw_pool",515388758
"bo_candidate_pool",7,,14,"inherited_common_raw_pool",515388759
"bo_candidate_pool",7,,15,"inherited_common_raw_pool",515388760
"bo_candidate_pool",7,,16,"inherited_common_raw_pool",515388761
"bo_candidate_pool",7,,17,"inherited_common_raw_pool",515388762
"bo_candidate_pool",7,,18,"inherited_common_raw_pool",515388763
"bo_candidate_pool",7,,19,"inherited_common_raw_pool",515388764
"bo_candidate_pool",7,,20,"inherited_common_raw_pool",515388886
"bo_candidate_pool",7,,21,"inherited_common_raw_pool",515388887
"bo_candidate_pool",7,,22,"inherited_common_raw_pool",515388888
"bo_candidate_pool",7,,23,"inherited_common_raw_pool",515388889
"bo_candidate_pool",7,,24,"inherited_common_raw_pool",515388890
"bo_candidate_pool",7,,25,"inherited_common_raw_pool",515388891
"bo_candidate_pool",7,,26,"inherited_common_raw_pool",515388892
"bo_candidate_pool",7,,27,"inherited_common_raw_pool",515388893
"bo_candidate_pool",7,,28,"inherited_common_raw_pool",515388894
"bo_candidate_pool",7,,29,"inherited_common_raw_pool",515388895
"bo_candidate_pool",7,,30,"inherited_common_raw_pool",515389017
"bo_candidate_pool",7,,31,"inherited_common_raw_pool",515389018
"bo_candidate_pool",7,,32,"inherited_common_raw_pool",515389019
"bo_candidate_pool",7,,33,"inherited_common_raw_pool",515389020
"bo_candidate_pool",7,,34,"inherited_common_raw_pool",515389021
"bo_candidate_pool",7,,35,"inherited_common_raw_pool",515389022
"bo_candidate_pool",7,,36,"inherited_common_raw_pool",515389023
"bo_candidate_pool",7,,37,"inherited_common_raw_pool",515389024
"bo_candidate_pool",7,,38,"inherited_common_raw_pool",515389025
"bo_candidate_pool",7,,39,"inherited_common_raw_pool",515389026
"bo_candidate_pool",7,,40,"inherited_common_raw_pool",515389148
"bo_candidate_pool",8,,1,"inherited_common_raw_pool",741636643
"bo_candidate_pool",8,,2,"inherited_common_raw_pool",741636644
"bo_candidate_pool",8,,3,"inherited_common_raw_pool",741636645
"bo_candidate_pool",8,,4,"inherited_common_raw_pool",741636646
"bo_candidate_pool",8,,5,"inherited_common_raw_pool",741636647
"bo_candidate_pool",8,,6,"inherited_common_raw_pool",741636648
"bo_candidate_pool",8,,7,"inherited_common_raw_pool",741636649
"bo_candidate_pool",8,,8,"inherited_common_raw_pool",741636650
"bo_candidate_pool",8,,9,"inherited_common_raw_pool",741636651
"bo_candidate_pool",8,,10,"inherited_common_raw_pool",517636846
"bo_candidate_pool",8,,11,"inherited_common_raw_pool",517636847
"bo_candidate_pool",8,,12,"inherited_common_raw_pool",517636848
"bo_candidate_pool",8,,13,"inherited_common_raw_pool",517636849
"bo_candidate_pool",8,,14,"inherited_common_raw_pool",517636850
"bo_candidate_pool",8,,15,"inherited_common_raw_pool",517636851
"bo_candidate_pool",8,,16,"inherited_common_raw_pool",517636852
"bo_candidate_pool",8,,17,"inherited_common_raw_pool",517636853
"bo_candidate_pool",8,,18,"inherited_common_raw_pool",517636854
"bo_candidate_pool",8,,19,"inherited_common_raw_pool",517636855
"bo_candidate_pool",8,,20,"inherited_common_raw_pool",517636977
"bo_candidate_pool",8,,21,"inherited_common_raw_pool",517636978
"bo_candidate_pool",8,,22,"inherited_common_raw_pool",517636979
"bo_candidate_pool",8,,23,"inherited_common_raw_pool",517636980
"bo_candidate_pool",8,,24,"inherited_common_raw_pool",517636981
"bo_candidate_pool",8,,25,"inherited_common_raw_pool",517636982
"bo_candidate_pool",8,,26,"inherited_common_raw_pool",517636983
"bo_candidate_pool",8,,27,"inherited_common_raw_pool",517636984
"bo_candidate_pool",8,,28,"inherited_common_raw_pool",517636985
"bo_candidate_pool",8,,29,"inherited_common_raw_pool",517636986
"bo_candidate_pool",8,,30,"inherited_common_raw_pool",517637108
"bo_candidate_pool",8,,31,"inherited_common_raw_pool",517637109
"bo_candidate_pool",8,,32,"inherited_common_raw_pool",517637110
"bo_candidate_pool",8,,33,"inherited_common_raw_pool",517637111
"bo_candidate_pool",8,,34,"inherited_common_raw_pool",517637112
"bo_candidate_pool",8,,35,"inherited_common_raw_pool",517637113
"bo_candidate_pool",8,,36,"inherited_common_raw_pool",517637114
"bo_candidate_pool",8,,37,"inherited_common_raw_pool",517637115
"bo_candidate_pool",8,,38,"inherited_common_raw_pool",517637116
"bo_candidate_pool",8,,39,"inherited_common_raw_pool",517637117
"bo_candidate_pool",8,,40,"inherited_common_raw_pool",517637239
"bo_candidate_pool",9,,1,"inherited_common_raw_pool",741653804
"bo_candidate_pool",9,,2,"inherited_common_raw_pool",741653805
"bo_candidate_pool",9,,3,"inherited_common_raw_pool",741653806
"bo_candidate_pool",9,,4,"inherited_common_raw_pool",741653807
"bo_candidate_pool",9,,5,"inherited_common_raw_pool",741653808
"bo_candidate_pool",9,,6,"inherited_common_raw_pool",741653809
"bo_candidate_pool",9,,7,"inherited_common_raw_pool",741653810
"bo_candidate_pool",9,,8,"inherited_common_raw_pool",741653811
"bo_candidate_pool",9,,9,"inherited_common_raw_pool",741653812
"bo_candidate_pool",9,,10,"inherited_common_raw_pool",519884937
"bo_candidate_pool",9,,11,"inherited_common_raw_pool",519884938
"bo_candidate_pool",9,,12,"inherited_common_raw_pool",519884939
"bo_candidate_pool",9,,13,"inherited_common_raw_pool",519884940
"bo_candidate_pool",9,,14,"inherited_common_raw_pool",519884941
"bo_candidate_pool",9,,15,"inherited_common_raw_pool",519884942
"bo_candidate_pool",9,,16,"inherited_common_raw_pool",519884943
"bo_candidate_pool",9,,17,"inherited_common_raw_pool",519884944
"bo_candidate_pool",9,,18,"inherited_common_raw_pool",519884945
"bo_candidate_pool",9,,19,"inherited_common_raw_pool",519884946
"bo_candidate_pool",9,,20,"inherited_common_raw_pool",519885068
"bo_candidate_pool",9,,21,"inherited_common_raw_pool",519885069
"bo_candidate_pool",9,,22,"inherited_common_raw_pool",519885070
"bo_candidate_pool",9,,23,"inherited_common_raw_pool",519885071
"bo_candidate_pool",9,,24,"inherited_common_raw_pool",519885072
"bo_candidate_pool",9,,25,"inherited_common_raw_pool",519885073
"bo_candidate_pool",9,,26,"inherited_common_raw_pool",519885074
"bo_candidate_pool",9,,27,"inherited_common_raw_pool",519885075
"bo_candidate_pool",9,,28,"inherited_common_raw_pool",519885076
"bo_candidate_pool",9,,29,"inherited_common_raw_pool",519885077
"bo_candidate_pool",9,,30,"inherited_common_raw_pool",519885199
"bo_candidate_pool",9,,31,"inherited_common_raw_pool",519885200
"bo_candidate_pool",9,,32,"inherited_common_raw_pool",519885201
"bo_candidate_pool",9,,33,"inherited_common_raw_pool",519885202
"bo_candidate_pool",9,,34,"inherited_common_raw_pool",519885203
"bo_candidate_pool",9,,35,"inherited_common_raw_pool",519885204
"bo_candidate_pool",9,,36,"inherited_common_raw_pool",519885205
"bo_candidate_pool",9,,37,"inherited_common_raw_pool",519885206
"bo_candidate_pool",9,,38,"inherited_common_raw_pool",519885207
"bo_candidate_pool",9,,39,"inherited_common_raw_pool",519885208
"bo_candidate_pool",9,,40,"inherited_common_raw_pool",519885330
"bo_candidate_pool",10,,1,"inherited_common_raw_pool",500605799
"bo_candidate_pool",10,,2,"inherited_common_raw_pool",500605800
"bo_candidate_pool",10,,3,"inherited_common_raw_pool",500605801
"bo_candidate_pool",10,,4,"inherited_common_raw_pool",500605802
"bo_candidate_pool",10,,5,"inherited_common_raw_pool",500605803
"bo_candidate_pool",10,,6,"inherited_common_raw_pool",500605804
"bo_candidate_pool",10,,7,"inherited_common_raw_pool",500605805
"bo_candidate_pool",10,,8,"inherited_common_raw_pool",500605806
"bo_candidate_pool",10,,9,"inherited_common_raw_pool",500605807
"bo_candidate_pool",10,,10,"inherited_common_raw_pool",1154850717
"bo_candidate_pool",10,,11,"inherited_common_raw_pool",1154850718
"bo_candidate_pool",10,,12,"inherited_common_raw_pool",1154850719
"bo_candidate_pool",10,,13,"inherited_common_raw_pool",1154850720
"bo_candidate_pool",10,,14,"inherited_common_raw_pool",1154850721
"bo_candidate_pool",10,,15,"inherited_common_raw_pool",1154850722
"bo_candidate_pool",10,,16,"inherited_common_raw_pool",1154850723
"bo_candidate_pool",10,,17,"inherited_common_raw_pool",1154850724
"bo_candidate_pool",10,,18,"inherited_common_raw_pool",1154850725
"bo_candidate_pool",10,,19,"inherited_common_raw_pool",1154850726
"bo_candidate_pool",10,,20,"inherited_common_raw_pool",1154850848
"bo_candidate_pool",10,,21,"inherited_common_raw_pool",1154850849
"bo_candidate_pool",10,,22,"inherited_common_raw_pool",1154850850
"bo_candidate_pool",10,,23,"inherited_common_raw_pool",1154850851
"bo_candidate_pool",10,,24,"inherited_common_raw_pool",1154850852
"bo_candidate_pool",10,,25,"inherited_common_raw_pool",1154850853
"bo_candidate_pool",10,,26,"inherited_common_raw_pool",1154850854
"bo_candidate_pool",10,,27,"inherited_common_raw_pool",1154850855
"bo_candidate_pool",10,,28,"inherited_common_raw_pool",1154850856
"bo_candidate_pool",10,,29,"inherited_common_raw_pool",1154850857
"bo_candidate_pool",10,,30,"inherited_common_raw_pool",1154850979
"bo_candidate_pool",10,,31,"inherited_common_raw_pool",1154850980
"bo_candidate_pool",10,,32,"inherited_common_raw_pool",1154850981
"bo_candidate_pool",10,,33,"inherited_common_raw_pool",1154850982
"bo_candidate_pool",10,,34,"inherited_common_raw_pool",1154850983
"bo_candidate_pool",10,,35,"inherited_common_raw_pool",1154850984
"bo_candidate_pool",10,,36,"inherited_common_raw_pool",1154850985
"bo_candidate_pool",10,,37,"inherited_common_raw_pool",1154850986
"bo_candidate_pool",10,,38,"inherited_common_raw_pool",1154850987
"bo_candidate_pool",10,,39,"inherited_common_raw_pool",1154850988
"bo_candidate_pool",10,,40,"inherited_common_raw_pool",1154851110
"bo_candidate_pool",11,,1,"inherited_common_raw_pool",500622960
"bo_candidate_pool",11,,2,"inherited_common_raw_pool",500622961
"bo_candidate_pool",11,,3,"inherited_common_raw_pool",500622962
"bo_candidate_pool",11,,4,"inherited_common_raw_pool",500622963
"bo_candidate_pool",11,,5,"inherited_common_raw_pool",500622964
"bo_candidate_pool",11,,6,"inherited_common_raw_pool",500622965
"bo_candidate_pool",11,,7,"inherited_common_raw_pool",500622966
"bo_candidate_pool",11,,8,"inherited_common_raw_pool",500622967
"bo_candidate_pool",11,,9,"inherited_common_raw_pool",500622968
"bo_candidate_pool",11,,10,"inherited_common_raw_pool",1157098808
"bo_candidate_pool",11,,11,"inherited_common_raw_pool",1157098809
"bo_candidate_pool",11,,12,"inherited_common_raw_pool",1157098810
"bo_candidate_pool",11,,13,"inherited_common_raw_pool",1157098811
"bo_candidate_pool",11,,14,"inherited_common_raw_pool",1157098812
"bo_candidate_pool",11,,15,"inherited_common_raw_pool",1157098813
"bo_candidate_pool",11,,16,"inherited_common_raw_pool",1157098814
"bo_candidate_pool",11,,17,"inherited_common_raw_pool",1157098815
"bo_candidate_pool",11,,18,"inherited_common_raw_pool",1157098816
"bo_candidate_pool",11,,19,"inherited_common_raw_pool",1157098817
"bo_candidate_pool",11,,20,"inherited_common_raw_pool",1157098939
"bo_candidate_pool",11,,21,"inherited_common_raw_pool",1157098940
"bo_candidate_pool",11,,22,"inherited_common_raw_pool",1157098941
"bo_candidate_pool",11,,23,"inherited_common_raw_pool",1157098942
"bo_candidate_pool",11,,24,"inherited_common_raw_pool",1157098943
"bo_candidate_pool",11,,25,"inherited_common_raw_pool",1157098944
"bo_candidate_pool",11,,26,"inherited_common_raw_pool",1157098945
"bo_candidate_pool",11,,27,"inherited_common_raw_pool",1157098946
"bo_candidate_pool",11,,28,"inherited_common_raw_pool",1157098947
"bo_candidate_pool",11,,29,"inherited_common_raw_pool",1157098948
"bo_candidate_pool",11,,30,"inherited_common_raw_pool",1157099070
"bo_candidate_pool",11,,31,"inherited_common_raw_pool",1157099071
"bo_candidate_pool",11,,32,"inherited_common_raw_pool",1157099072
"bo_candidate_pool",11,,33,"inherited_common_raw_pool",1157099073
"bo_candidate_pool",11,,34,"inherited_common_raw_pool",1157099074
"bo_candidate_pool",11,,35,"inherited_common_raw_pool",1157099075
"bo_candidate_pool",11,,36,"inherited_common_raw_pool",1157099076
"bo_candidate_pool",11,,37,"inherited_common_raw_pool",1157099077
"bo_candidate_pool",11,,38,"inherited_common_raw_pool",1157099078
"bo_candidate_pool",11,,39,"inherited_common_raw_pool",1157099079
"bo_candidate_pool",11,,40,"inherited_common_raw_pool",1157099201
"bo_candidate_pool",12,,1,"inherited_common_raw_pool",500640121
"bo_candidate_pool",12,,2,"inherited_common_raw_pool",500640122
"bo_candidate_pool",12,,3,"inherited_common_raw_pool",500640123
"bo_candidate_pool",12,,4,"inherited_common_raw_pool",500640124
"bo_candidate_pool",12,,5,"inherited_common_raw_pool",500640125
"bo_candidate_pool",12,,6,"inherited_common_raw_pool",500640126
"bo_candidate_pool",12,,7,"inherited_common_raw_pool",500640127
"bo_candidate_pool",12,,8,"inherited_common_raw_pool",500640128
"bo_candidate_pool",12,,9,"inherited_common_raw_pool",500640129
"bo_candidate_pool",12,,10,"inherited_common_raw_pool",1159346899
"bo_candidate_pool",12,,11,"inherited_common_raw_pool",1159346900
"bo_candidate_pool",12,,12,"inherited_common_raw_pool",1159346901
"bo_candidate_pool",12,,13,"inherited_common_raw_pool",1159346902
"bo_candidate_pool",12,,14,"inherited_common_raw_pool",1159346903
"bo_candidate_pool",12,,15,"inherited_common_raw_pool",1159346904
"bo_candidate_pool",12,,16,"inherited_common_raw_pool",1159346905
"bo_candidate_pool",12,,17,"inherited_common_raw_pool",1159346906
"bo_candidate_pool",12,,18,"inherited_common_raw_pool",1159346907
"bo_candidate_pool",12,,19,"inherited_common_raw_pool",1159346908
"bo_candidate_pool",12,,20,"inherited_common_raw_pool",1159347030
"bo_candidate_pool",12,,21,"inherited_common_raw_pool",1159347031
"bo_candidate_pool",12,,22,"inherited_common_raw_pool",1159347032
"bo_candidate_pool",12,,23,"inherited_common_raw_pool",1159347033
"bo_candidate_pool",12,,24,"inherited_common_raw_pool",1159347034
"bo_candidate_pool",12,,25,"inherited_common_raw_pool",1159347035
"bo_candidate_pool",12,,26,"inherited_common_raw_pool",1159347036
"bo_candidate_pool",12,,27,"inherited_common_raw_pool",1159347037
"bo_candidate_pool",12,,28,"inherited_common_raw_pool",1159347038
"bo_candidate_pool",12,,29,"inherited_common_raw_pool",1159347039
"bo_candidate_pool",12,,30,"inherited_common_raw_pool",1159347161
"bo_candidate_pool",12,,31,"inherited_common_raw_pool",1159347162
"bo_candidate_pool",12,,32,"inherited_common_raw_pool",1159347163
"bo_candidate_pool",12,,33,"inherited_common_raw_pool",1159347164
"bo_candidate_pool",12,,34,"inherited_common_raw_pool",1159347165
"bo_candidate_pool",12,,35,"inherited_common_raw_pool",1159347166
"bo_candidate_pool",12,,36,"inherited_common_raw_pool",1159347167
"bo_candidate_pool",12,,37,"inherited_common_raw_pool",1159347168
"bo_candidate_pool",12,,38,"inherited_common_raw_pool",1159347169
"bo_candidate_pool",12,,39,"inherited_common_raw_pool",1159347170
"bo_candidate_pool",12,,40,"inherited_common_raw_pool",1159347292
"bo_candidate_pool",13,,1,"inherited_common_raw_pool",500657282
"bo_candidate_pool",13,,2,"inherited_common_raw_pool",500657283
"bo_candidate_pool",13,,3,"inherited_common_raw_pool",500657284
"bo_candidate_pool",13,,4,"inherited_common_raw_pool",500657285
"bo_candidate_pool",13,,5,"inherited_common_raw_pool",500657286
"bo_candidate_pool",13,,6,"inherited_common_raw_pool",500657287
"bo_candidate_pool",13,,7,"inherited_common_raw_pool",500657288
"bo_candidate_pool",13,,8,"inherited_common_raw_pool",500657289
"bo_candidate_pool",13,,9,"inherited_common_raw_pool",500657290
"bo_candidate_pool",13,,10,"inherited_common_raw_pool",1161594990
"bo_candidate_pool",13,,11,"inherited_common_raw_pool",1161594991
"bo_candidate_pool",13,,12,"inherited_common_raw_pool",1161594992
"bo_candidate_pool",13,,13,"inherited_common_raw_pool",1161594993
"bo_candidate_pool",13,,14,"inherited_common_raw_pool",1161594994
"bo_candidate_pool",13,,15,"inherited_common_raw_pool",1161594995
"bo_candidate_pool",13,,16,"inherited_common_raw_pool",1161594996
"bo_candidate_pool",13,,17,"inherited_common_raw_pool",1161594997
"bo_candidate_pool",13,,18,"inherited_common_raw_pool",1161594998
"bo_candidate_pool",13,,19,"inherited_common_raw_pool",1161594999
"bo_candidate_pool",13,,20,"inherited_common_raw_pool",1161595121
"bo_candidate_pool",13,,21,"inherited_common_raw_pool",1161595122
"bo_candidate_pool",13,,22,"inherited_common_raw_pool",1161595123
"bo_candidate_pool",13,,23,"inherited_common_raw_pool",1161595124
"bo_candidate_pool",13,,24,"inherited_common_raw_pool",1161595125
"bo_candidate_pool",13,,25,"inherited_common_raw_pool",1161595126
"bo_candidate_pool",13,,26,"inherited_common_raw_pool",1161595127
"bo_candidate_pool",13,,27,"inherited_common_raw_pool",1161595128
"bo_candidate_pool",13,,28,"inherited_common_raw_pool",1161595129
"bo_candidate_pool",13,,29,"inherited_common_raw_pool",1161595130
"bo_candidate_pool",13,,30,"inherited_common_raw_pool",1161595252
"bo_candidate_pool",13,,31,"inherited_common_raw_pool",1161595253
"bo_candidate_pool",13,,32,"inherited_common_raw_pool",1161595254
"bo_candidate_pool",13,,33,"inherited_common_raw_pool",1161595255
"bo_candidate_pool",13,,34,"inherited_common_raw_pool",1161595256
"bo_candidate_pool",13,,35,"inherited_common_raw_pool",1161595257
"bo_candidate_pool",13,,36,"inherited_common_raw_pool",1161595258
"bo_candidate_pool",13,,37,"inherited_common_raw_pool",1161595259
"bo_candidate_pool",13,,38,"inherited_common_raw_pool",1161595260
"bo_candidate_pool",13,,39,"inherited_common_raw_pool",1161595261
"bo_candidate_pool",13,,40,"inherited_common_raw_pool",1161595383
"bo_candidate_pool",14,,1,"inherited_common_raw_pool",500674443
"bo_candidate_pool",14,,2,"inherited_common_raw_pool",500674444
"bo_candidate_pool",14,,3,"inherited_common_raw_pool",500674445
"bo_candidate_pool",14,,4,"inherited_common_raw_pool",500674446
"bo_candidate_pool",14,,5,"inherited_common_raw_pool",500674447
"bo_candidate_pool",14,,6,"inherited_common_raw_pool",500674448
"bo_candidate_pool",14,,7,"inherited_common_raw_pool",500674449
"bo_candidate_pool",14,,8,"inherited_common_raw_pool",500674450
"bo_candidate_pool",14,,9,"inherited_common_raw_pool",500674451
"bo_candidate_pool",14,,10,"inherited_common_raw_pool",1163843081
"bo_candidate_pool",14,,11,"inherited_common_raw_pool",1163843082
"bo_candidate_pool",14,,12,"inherited_common_raw_pool",1163843083
"bo_candidate_pool",14,,13,"inherited_common_raw_pool",1163843084
"bo_candidate_pool",14,,14,"inherited_common_raw_pool",1163843085
"bo_candidate_pool",14,,15,"inherited_common_raw_pool",1163843086
"bo_candidate_pool",14,,16,"inherited_common_raw_pool",1163843087
"bo_candidate_pool",14,,17,"inherited_common_raw_pool",1163843088
"bo_candidate_pool",14,,18,"inherited_common_raw_pool",1163843089
"bo_candidate_pool",14,,19,"inherited_common_raw_pool",1163843090
"bo_candidate_pool",14,,20,"inherited_common_raw_pool",1163843212
"bo_candidate_pool",14,,21,"inherited_common_raw_pool",1163843213
"bo_candidate_pool",14,,22,"inherited_common_raw_pool",1163843214
"bo_candidate_pool",14,,23,"inherited_common_raw_pool",1163843215
"bo_candidate_pool",14,,24,"inherited_common_raw_pool",1163843216
"bo_candidate_pool",14,,25,"inherited_common_raw_pool",1163843217
"bo_candidate_pool",14,,26,"inherited_common_raw_pool",1163843218
"bo_candidate_pool",14,,27,"inherited_common_raw_pool",1163843219
"bo_candidate_pool",14,,28,"inherited_common_raw_pool",1163843220
"bo_candidate_pool",14,,29,"inherited_common_raw_pool",1163843221
"bo_candidate_pool",14,,30,"inherited_common_raw_pool",1163843343
"bo_candidate_pool",14,,31,"inherited_common_raw_pool",1163843344
"bo_candidate_pool",14,,32,"inherited_common_raw_pool",1163843345
"bo_candidate_pool",14,,33,"inherited_common_raw_pool",1163843346
"bo_candidate_pool",14,,34,"inherited_common_raw_pool",1163843347
"bo_candidate_pool",14,,35,"inherited_common_raw_pool",1163843348
"bo_candidate_pool",14,,36,"inherited_common_raw_pool",1163843349
"bo_candidate_pool",14,,37,"inherited_common_raw_pool",1163843350
"bo_candidate_pool",14,,38,"inherited_common_raw_pool",1163843351
"bo_candidate_pool",14,,39,"inherited_common_raw_pool",1163843352
"bo_candidate_pool",14,,40,"inherited_common_raw_pool",1163843474
"bo_candidate_pool",15,,1,"inherited_common_raw_pool",500691604
"bo_candidate_pool",15,,2,"inherited_common_raw_pool",500691605
"bo_candidate_pool",15,,3,"inherited_common_raw_pool",500691606
"bo_candidate_pool",15,,4,"inherited_common_raw_pool",500691607
"bo_candidate_pool",15,,5,"inherited_common_raw_pool",500691608
"bo_candidate_pool",15,,6,"inherited_common_raw_pool",500691609
"bo_candidate_pool",15,,7,"inherited_common_raw_pool",500691610
"bo_candidate_pool",15,,8,"inherited_common_raw_pool",500691611
"bo_candidate_pool",15,,9,"inherited_common_raw_pool",500691612
"bo_candidate_pool",15,,10,"inherited_common_raw_pool",1166091172
"bo_candidate_pool",15,,11,"inherited_common_raw_pool",1166091173
"bo_candidate_pool",15,,12,"inherited_common_raw_pool",1166091174
"bo_candidate_pool",15,,13,"inherited_common_raw_pool",1166091175
"bo_candidate_pool",15,,14,"inherited_common_raw_pool",1166091176
"bo_candidate_pool",15,,15,"inherited_common_raw_pool",1166091177
"bo_candidate_pool",15,,16,"inherited_common_raw_pool",1166091178
"bo_candidate_pool",15,,17,"inherited_common_raw_pool",1166091179
"bo_candidate_pool",15,,18,"inherited_common_raw_pool",1166091180
"bo_candidate_pool",15,,19,"inherited_common_raw_pool",1166091181
"bo_candidate_pool",15,,20,"inherited_common_raw_pool",1166091303
"bo_candidate_pool",15,,21,"inherited_common_raw_pool",1166091304
"bo_candidate_pool",15,,22,"inherited_common_raw_pool",1166091305
"bo_candidate_pool",15,,23,"inherited_common_raw_pool",1166091306
"bo_candidate_pool",15,,24,"inherited_common_raw_pool",1166091307
"bo_candidate_pool",15,,25,"inherited_common_raw_pool",1166091308
"bo_candidate_pool",15,,26,"inherited_common_raw_pool",1166091309
"bo_candidate_pool",15,,27,"inherited_common_raw_pool",1166091310
"bo_candidate_pool",15,,28,"inherited_common_raw_pool",1166091311
"bo_candidate_pool",15,,29,"inherited_common_raw_pool",1166091312
"bo_candidate_pool",15,,30,"inherited_common_raw_pool",1166091434
"bo_candidate_pool",15,,31,"inherited_common_raw_pool",1166091435
"bo_candidate_pool",15,,32,"inherited_common_raw_pool",1166091436
"bo_candidate_pool",15,,33,"inherited_common_raw_pool",1166091437
"bo_candidate_pool",15,,34,"inherited_common_raw_pool",1166091438
"bo_candidate_pool",15,,35,"inherited_common_raw_pool",1166091439
"bo_candidate_pool",15,,36,"inherited_common_raw_pool",1166091440
"bo_candidate_pool",15,,37,"inherited_common_raw_pool",1166091441
"bo_candidate_pool",15,,38,"inherited_common_raw_pool",1166091442
"bo_candidate_pool",15,,39,"inherited_common_raw_pool",1166091443
"bo_candidate_pool",15,,40,"inherited_common_raw_pool",1166091565
"bo_candidate_pool",16,,1,"inherited_common_raw_pool",500708765
"bo_candidate_pool",16,,2,"inherited_common_raw_pool",500708766
"bo_candidate_pool",16,,3,"inherited_common_raw_pool",500708767
"bo_candidate_pool",16,,4,"inherited_common_raw_pool",500708768
"bo_candidate_pool",16,,5,"inherited_common_raw_pool",500708769
"bo_candidate_pool",16,,6,"inherited_common_raw_pool",500708770
"bo_candidate_pool",16,,7,"inherited_common_raw_pool",500708771
"bo_candidate_pool",16,,8,"inherited_common_raw_pool",500708772
"bo_candidate_pool",16,,9,"inherited_common_raw_pool",500708773
"bo_candidate_pool",16,,10,"inherited_common_raw_pool",1168339263
"bo_candidate_pool",16,,11,"inherited_common_raw_pool",1168339264
"bo_candidate_pool",16,,12,"inherited_common_raw_pool",1168339265
"bo_candidate_pool",16,,13,"inherited_common_raw_pool",1168339266
"bo_candidate_pool",16,,14,"inherited_common_raw_pool",1168339267
"bo_candidate_pool",16,,15,"inherited_common_raw_pool",1168339268
"bo_candidate_pool",16,,16,"inherited_common_raw_pool",1168339269
"bo_candidate_pool",16,,17,"inherited_common_raw_pool",1168339270
"bo_candidate_pool",16,,18,"inherited_common_raw_pool",1168339271
"bo_candidate_pool",16,,19,"inherited_common_raw_pool",1168339272
"bo_candidate_pool",16,,20,"inherited_common_raw_pool",1168339394
"bo_candidate_pool",16,,21,"inherited_common_raw_pool",1168339395
"bo_candidate_pool",16,,22,"inherited_common_raw_pool",1168339396
"bo_candidate_pool",16,,23,"inherited_common_raw_pool",1168339397
"bo_candidate_pool",16,,24,"inherited_common_raw_pool",1168339398
"bo_candidate_pool",16,,25,"inherited_common_raw_pool",1168339399
"bo_candidate_pool",16,,26,"inherited_common_raw_pool",1168339400
"bo_candidate_pool",16,,27,"inherited_common_raw_pool",1168339401
"bo_candidate_pool",16,,28,"inherited_common_raw_pool",1168339402
"bo_candidate_pool",16,,29,"inherited_common_raw_pool",1168339403
"bo_candidate_pool",16,,30,"inherited_common_raw_pool",1168339525
"bo_candidate_pool",16,,31,"inherited_common_raw_pool",1168339526
"bo_candidate_pool",16,,32,"inherited_common_raw_pool",1168339527
"bo_candidate_pool",16,,33,"inherited_common_raw_pool",1168339528
"bo_candidate_pool",16,,34,"inherited_common_raw_pool",1168339529
"bo_candidate_pool",16,,35,"inherited_common_raw_pool",1168339530
"bo_candidate_pool",16,,36,"inherited_common_raw_pool",1168339531
"bo_candidate_pool",16,,37,"inherited_common_raw_pool",1168339532
"bo_candidate_pool",16,,38,"inherited_common_raw_pool",1168339533
"bo_candidate_pool",16,,39,"inherited_common_raw_pool",1168339534
"bo_candidate_pool",16,,40,"inherited_common_raw_pool",1168339656
"bo_candidate_pool",17,,1,"inherited_common_raw_pool",500725926
"bo_candidate_pool",17,,2,"inherited_common_raw_pool",500725927
"bo_candidate_pool",17,,3,"inherited_common_raw_pool",500725928
"bo_candidate_pool",17,,4,"inherited_common_raw_pool",500725929
"bo_candidate_pool",17,,5,"inherited_common_raw_pool",500725930
"bo_candidate_pool",17,,6,"inherited_common_raw_pool",500725931
"bo_candidate_pool",17,,7,"inherited_common_raw_pool",500725932
"bo_candidate_pool",17,,8,"inherited_common_raw_pool",500725933
"bo_candidate_pool",17,,9,"inherited_common_raw_pool",500725934
"bo_candidate_pool",17,,10,"inherited_common_raw_pool",1170587354
"bo_candidate_pool",17,,11,"inherited_common_raw_pool",1170587355
"bo_candidate_pool",17,,12,"inherited_common_raw_pool",1170587356
"bo_candidate_pool",17,,13,"inherited_common_raw_pool",1170587357
"bo_candidate_pool",17,,14,"inherited_common_raw_pool",1170587358
"bo_candidate_pool",17,,15,"inherited_common_raw_pool",1170587359
"bo_candidate_pool",17,,16,"inherited_common_raw_pool",1170587360
"bo_candidate_pool",17,,17,"inherited_common_raw_pool",1170587361
"bo_candidate_pool",17,,18,"inherited_common_raw_pool",1170587362
"bo_candidate_pool",17,,19,"inherited_common_raw_pool",1170587363
"bo_candidate_pool",17,,20,"inherited_common_raw_pool",1170587485
"bo_candidate_pool",17,,21,"inherited_common_raw_pool",1170587486
"bo_candidate_pool",17,,22,"inherited_common_raw_pool",1170587487
"bo_candidate_pool",17,,23,"inherited_common_raw_pool",1170587488
"bo_candidate_pool",17,,24,"inherited_common_raw_pool",1170587489
"bo_candidate_pool",17,,25,"inherited_common_raw_pool",1170587490
"bo_candidate_pool",17,,26,"inherited_common_raw_pool",1170587491
"bo_candidate_pool",17,,27,"inherited_common_raw_pool",1170587492
"bo_candidate_pool",17,,28,"inherited_common_raw_pool",1170587493
"bo_candidate_pool",17,,29,"inherited_common_raw_pool",1170587494
"bo_candidate_pool",17,,30,"inherited_common_raw_pool",1170587616
"bo_candidate_pool",17,,31,"inherited_common_raw_pool",1170587617
"bo_candidate_pool",17,,32,"inherited_common_raw_pool",1170587618
"bo_candidate_pool",17,,33,"inherited_common_raw_pool",1170587619
"bo_candidate_pool",17,,34,"inherited_common_raw_pool",1170587620
"bo_candidate_pool",17,,35,"inherited_common_raw_pool",1170587621
"bo_candidate_pool",17,,36,"inherited_common_raw_pool",1170587622
"bo_candidate_pool",17,,37,"inherited_common_raw_pool",1170587623
"bo_candidate_pool",17,,38,"inherited_common_raw_pool",1170587624
"bo_candidate_pool",17,,39,"inherited_common_raw_pool",1170587625
"bo_candidate_pool",17,,40,"inherited_common_raw_pool",1170587747
"bo_candidate_pool",18,,1,"inherited_common_raw_pool",500743087
"bo_candidate_pool",18,,2,"inherited_common_raw_pool",500743088
"bo_candidate_pool",18,,3,"inherited_common_raw_pool",500743089
"bo_candidate_pool",18,,4,"inherited_common_raw_pool",500743090
"bo_candidate_pool",18,,5,"inherited_common_raw_pool",500743091
"bo_candidate_pool",18,,6,"inherited_common_raw_pool",500743092
"bo_candidate_pool",18,,7,"inherited_common_raw_pool",500743093
"bo_candidate_pool",18,,8,"inherited_common_raw_pool",500743094
"bo_candidate_pool",18,,9,"inherited_common_raw_pool",500743095
"bo_candidate_pool",18,,10,"inherited_common_raw_pool",1172835445
"bo_candidate_pool",18,,11,"inherited_common_raw_pool",1172835446
"bo_candidate_pool",18,,12,"inherited_common_raw_pool",1172835447
"bo_candidate_pool",18,,13,"inherited_common_raw_pool",1172835448
"bo_candidate_pool",18,,14,"inherited_common_raw_pool",1172835449
"bo_candidate_pool",18,,15,"inherited_common_raw_pool",1172835450
"bo_candidate_pool",18,,16,"inherited_common_raw_pool",1172835451
"bo_candidate_pool",18,,17,"inherited_common_raw_pool",1172835452
"bo_candidate_pool",18,,18,"inherited_common_raw_pool",1172835453
"bo_candidate_pool",18,,19,"inherited_common_raw_pool",1172835454
"bo_candidate_pool",18,,20,"inherited_common_raw_pool",1172835576
"bo_candidate_pool",18,,21,"inherited_common_raw_pool",1172835577
"bo_candidate_pool",18,,22,"inherited_common_raw_pool",1172835578
"bo_candidate_pool",18,,23,"inherited_common_raw_pool",1172835579
"bo_candidate_pool",18,,24,"inherited_common_raw_pool",1172835580
"bo_candidate_pool",18,,25,"inherited_common_raw_pool",1172835581
"bo_candidate_pool",18,,26,"inherited_common_raw_pool",1172835582
"bo_candidate_pool",18,,27,"inherited_common_raw_pool",1172835583
"bo_candidate_pool",18,,28,"inherited_common_raw_pool",1172835584
"bo_candidate_pool",18,,29,"inherited_common_raw_pool",1172835585
"bo_candidate_pool",18,,30,"inherited_common_raw_pool",1172835707
"bo_candidate_pool",18,,31,"inherited_common_raw_pool",1172835708
"bo_candidate_pool",18,,32,"inherited_common_raw_pool",1172835709
"bo_candidate_pool",18,,33,"inherited_common_raw_pool",1172835710
"bo_candidate_pool",18,,34,"inherited_common_raw_pool",1172835711
"bo_candidate_pool",18,,35,"inherited_common_raw_pool",1172835712
"bo_candidate_pool",18,,36,"inherited_common_raw_pool",1172835713
"bo_candidate_pool",18,,37,"inherited_common_raw_pool",1172835714
"bo_candidate_pool",18,,38,"inherited_common_raw_pool",1172835715
"bo_candidate_pool",18,,39,"inherited_common_raw_pool",1172835716
"bo_candidate_pool",18,,40,"inherited_common_raw_pool",1172835838
"bo_candidate_pool",19,,1,"inherited_common_raw_pool",500760248
"bo_candidate_pool",19,,2,"inherited_common_raw_pool",500760249
"bo_candidate_pool",19,,3,"inherited_common_raw_pool",500760250
"bo_candidate_pool",19,,4,"inherited_common_raw_pool",500760251
"bo_candidate_pool",19,,5,"inherited_common_raw_pool",500760252
"bo_candidate_pool",19,,6,"inherited_common_raw_pool",500760253
"bo_candidate_pool",19,,7,"inherited_common_raw_pool",500760254
"bo_candidate_pool",19,,8,"inherited_common_raw_pool",500760255
"bo_candidate_pool",19,,9,"inherited_common_raw_pool",500760256
"bo_candidate_pool",19,,10,"inherited_common_raw_pool",1175083536
"bo_candidate_pool",19,,11,"inherited_common_raw_pool",1175083537
"bo_candidate_pool",19,,12,"inherited_common_raw_pool",1175083538
"bo_candidate_pool",19,,13,"inherited_common_raw_pool",1175083539
"bo_candidate_pool",19,,14,"inherited_common_raw_pool",1175083540
"bo_candidate_pool",19,,15,"inherited_common_raw_pool",1175083541
"bo_candidate_pool",19,,16,"inherited_common_raw_pool",1175083542
"bo_candidate_pool",19,,17,"inherited_common_raw_pool",1175083543
"bo_candidate_pool",19,,18,"inherited_common_raw_pool",1175083544
"bo_candidate_pool",19,,19,"inherited_common_raw_pool",1175083545
"bo_candidate_pool",19,,20,"inherited_common_raw_pool",1175083667
"bo_candidate_pool",19,,21,"inherited_common_raw_pool",1175083668
"bo_candidate_pool",19,,22,"inherited_common_raw_pool",1175083669
"bo_candidate_pool",19,,23,"inherited_common_raw_pool",1175083670
"bo_candidate_pool",19,,24,"inherited_common_raw_pool",1175083671
"bo_candidate_pool",19,,25,"inherited_common_raw_pool",1175083672
"bo_candidate_pool",19,,26,"inherited_common_raw_pool",1175083673
"bo_candidate_pool",19,,27,"inherited_common_raw_pool",1175083674
"bo_candidate_pool",19,,28,"inherited_common_raw_pool",1175083675
"bo_candidate_pool",19,,29,"inherited_common_raw_pool",1175083676
"bo_candidate_pool",19,,30,"inherited_common_raw_pool",1175083798
"bo_candidate_pool",19,,31,"inherited_common_raw_pool",1175083799
"bo_candidate_pool",19,,32,"inherited_common_raw_pool",1175083800
"bo_candidate_pool",19,,33,"inherited_common_raw_pool",1175083801
"bo_candidate_pool",19,,34,"inherited_common_raw_pool",1175083802
"bo_candidate_pool",19,,35,"inherited_common_raw_pool",1175083803
"bo_candidate_pool",19,,36,"inherited_common_raw_pool",1175083804
"bo_candidate_pool",19,,37,"inherited_common_raw_pool",1175083805
"bo_candidate_pool",19,,38,"inherited_common_raw_pool",1175083806
"bo_candidate_pool",19,,39,"inherited_common_raw_pool",1175083807
"bo_candidate_pool",19,,40,"inherited_common_raw_pool",1175083929
"bo_candidate_pool",20,,1,"inherited_common_raw_pool",502853890
"bo_candidate_pool",20,,2,"inherited_common_raw_pool",502853891
"bo_candidate_pool",20,,3,"inherited_common_raw_pool",502853892
"bo_candidate_pool",20,,4,"inherited_common_raw_pool",502853893
"bo_candidate_pool",20,,5,"inherited_common_raw_pool",502853894
"bo_candidate_pool",20,,6,"inherited_common_raw_pool",502853895
"bo_candidate_pool",20,,7,"inherited_common_raw_pool",502853896
"bo_candidate_pool",20,,8,"inherited_common_raw_pool",502853897
"bo_candidate_pool",20,,9,"inherited_common_raw_pool",502853898
"bo_candidate_pool",20,,10,"inherited_common_raw_pool",1449350638
"bo_candidate_pool",20,,11,"inherited_common_raw_pool",1449350639
"bo_candidate_pool",20,,12,"inherited_common_raw_pool",1449350640
"bo_candidate_pool",20,,13,"inherited_common_raw_pool",1449350641
"bo_candidate_pool",20,,14,"inherited_common_raw_pool",1449350642
"bo_candidate_pool",20,,15,"inherited_common_raw_pool",1449350643
"bo_candidate_pool",20,,16,"inherited_common_raw_pool",1449350644
"bo_candidate_pool",20,,17,"inherited_common_raw_pool",1449350645
"bo_candidate_pool",20,,18,"inherited_common_raw_pool",1449350646
"bo_candidate_pool",20,,19,"inherited_common_raw_pool",1449350647
"bo_candidate_pool",20,,20,"inherited_common_raw_pool",1449350769
"bo_candidate_pool",20,,21,"inherited_common_raw_pool",1449350770
"bo_candidate_pool",20,,22,"inherited_common_raw_pool",1449350771
"bo_candidate_pool",20,,23,"inherited_common_raw_pool",1449350772
"bo_candidate_pool",20,,24,"inherited_common_raw_pool",1449350773
"bo_candidate_pool",20,,25,"inherited_common_raw_pool",1449350774
"bo_candidate_pool",20,,26,"inherited_common_raw_pool",1449350775
"bo_candidate_pool",20,,27,"inherited_common_raw_pool",1449350776
"bo_candidate_pool",20,,28,"inherited_common_raw_pool",1449350777
"bo_candidate_pool",20,,29,"inherited_common_raw_pool",1449350778
"bo_candidate_pool",20,,30,"inherited_common_raw_pool",1449350900
"bo_candidate_pool",20,,31,"inherited_common_raw_pool",1449350901
"bo_candidate_pool",20,,32,"inherited_common_raw_pool",1449350902
"bo_candidate_pool",20,,33,"inherited_common_raw_pool",1449350903
"bo_candidate_pool",20,,34,"inherited_common_raw_pool",1449350904
"bo_candidate_pool",20,,35,"inherited_common_raw_pool",1449350905
"bo_candidate_pool",20,,36,"inherited_common_raw_pool",1449350906
"bo_candidate_pool",20,,37,"inherited_common_raw_pool",1449350907
"bo_candidate_pool",20,,38,"inherited_common_raw_pool",1449350908
"bo_candidate_pool",20,,39,"inherited_common_raw_pool",1449350909
"bo_candidate_pool",20,,40,"inherited_common_raw_pool",1449351031
"bo_candidate_pool",21,,1,"inherited_common_raw_pool",502871051
"bo_candidate_pool",21,,2,"inherited_common_raw_pool",502871052
"bo_candidate_pool",21,,3,"inherited_common_raw_pool",502871053
"bo_candidate_pool",21,,4,"inherited_common_raw_pool",502871054
"bo_candidate_pool",21,,5,"inherited_common_raw_pool",502871055
"bo_candidate_pool",21,,6,"inherited_common_raw_pool",502871056
"bo_candidate_pool",21,,7,"inherited_common_raw_pool",502871057
"bo_candidate_pool",21,,8,"inherited_common_raw_pool",502871058
"bo_candidate_pool",21,,9,"inherited_common_raw_pool",502871059
"bo_candidate_pool",21,,10,"inherited_common_raw_pool",1451598729
"bo_candidate_pool",21,,11,"inherited_common_raw_pool",1451598730
"bo_candidate_pool",21,,12,"inherited_common_raw_pool",1451598731
"bo_candidate_pool",21,,13,"inherited_common_raw_pool",1451598732
"bo_candidate_pool",21,,14,"inherited_common_raw_pool",1451598733
"bo_candidate_pool",21,,15,"inherited_common_raw_pool",1451598734
"bo_candidate_pool",21,,16,"inherited_common_raw_pool",1451598735
"bo_candidate_pool",21,,17,"inherited_common_raw_pool",1451598736
"bo_candidate_pool",21,,18,"inherited_common_raw_pool",1451598737
"bo_candidate_pool",21,,19,"inherited_common_raw_pool",1451598738
"bo_candidate_pool",21,,20,"inherited_common_raw_pool",1451598860
"bo_candidate_pool",21,,21,"inherited_common_raw_pool",1451598861
"bo_candidate_pool",21,,22,"inherited_common_raw_pool",1451598862
"bo_candidate_pool",21,,23,"inherited_common_raw_pool",1451598863
"bo_candidate_pool",21,,24,"inherited_common_raw_pool",1451598864
"bo_candidate_pool",21,,25,"inherited_common_raw_pool",1451598865
"bo_candidate_pool",21,,26,"inherited_common_raw_pool",1451598866
"bo_candidate_pool",21,,27,"inherited_common_raw_pool",1451598867
"bo_candidate_pool",21,,28,"inherited_common_raw_pool",1451598868
"bo_candidate_pool",21,,29,"inherited_common_raw_pool",1451598869
"bo_candidate_pool",21,,30,"inherited_common_raw_pool",1451598991
"bo_candidate_pool",21,,31,"inherited_common_raw_pool",1451598992
"bo_candidate_pool",21,,32,"inherited_common_raw_pool",1451598993
"bo_candidate_pool",21,,33,"inherited_common_raw_pool",1451598994
"bo_candidate_pool",21,,34,"inherited_common_raw_pool",1451598995
"bo_candidate_pool",21,,35,"inherited_common_raw_pool",1451598996
"bo_candidate_pool",21,,36,"inherited_common_raw_pool",1451598997
"bo_candidate_pool",21,,37,"inherited_common_raw_pool",1451598998
"bo_candidate_pool",21,,38,"inherited_common_raw_pool",1451598999
"bo_candidate_pool",21,,39,"inherited_common_raw_pool",1451599000
"bo_candidate_pool",21,,40,"inherited_common_raw_pool",1451599122
"bo_candidate_pool",22,,1,"inherited_common_raw_pool",502888212
"bo_candidate_pool",22,,2,"inherited_common_raw_pool",502888213
"bo_candidate_pool",22,,3,"inherited_common_raw_pool",502888214
"bo_candidate_pool",22,,4,"inherited_common_raw_pool",502888215
"bo_candidate_pool",22,,5,"inherited_common_raw_pool",502888216
"bo_candidate_pool",22,,6,"inherited_common_raw_pool",502888217
"bo_candidate_pool",22,,7,"inherited_common_raw_pool",502888218
"bo_candidate_pool",22,,8,"inherited_common_raw_pool",502888219
"bo_candidate_pool",22,,9,"inherited_common_raw_pool",502888220
"bo_candidate_pool",22,,10,"inherited_common_raw_pool",1453846820
"bo_candidate_pool",22,,11,"inherited_common_raw_pool",1453846821
"bo_candidate_pool",22,,12,"inherited_common_raw_pool",1453846822
"bo_candidate_pool",22,,13,"inherited_common_raw_pool",1453846823
"bo_candidate_pool",22,,14,"inherited_common_raw_pool",1453846824
"bo_candidate_pool",22,,15,"inherited_common_raw_pool",1453846825
"bo_candidate_pool",22,,16,"inherited_common_raw_pool",1453846826
"bo_candidate_pool",22,,17,"inherited_common_raw_pool",1453846827
"bo_candidate_pool",22,,18,"inherited_common_raw_pool",1453846828
"bo_candidate_pool",22,,19,"inherited_common_raw_pool",1453846829
"bo_candidate_pool",22,,20,"inherited_common_raw_pool",1453846951
"bo_candidate_pool",22,,21,"inherited_common_raw_pool",1453846952
"bo_candidate_pool",22,,22,"inherited_common_raw_pool",1453846953
"bo_candidate_pool",22,,23,"inherited_common_raw_pool",1453846954
"bo_candidate_pool",22,,24,"inherited_common_raw_pool",1453846955
"bo_candidate_pool",22,,25,"inherited_common_raw_pool",1453846956
"bo_candidate_pool",22,,26,"inherited_common_raw_pool",1453846957
"bo_candidate_pool",22,,27,"inherited_common_raw_pool",1453846958
"bo_candidate_pool",22,,28,"inherited_common_raw_pool",1453846959
"bo_candidate_pool",22,,29,"inherited_common_raw_pool",1453846960
"bo_candidate_pool",22,,30,"inherited_common_raw_pool",1453847082
"bo_candidate_pool",22,,31,"inherited_common_raw_pool",1453847083
"bo_candidate_pool",22,,32,"inherited_common_raw_pool",1453847084
"bo_candidate_pool",22,,33,"inherited_common_raw_pool",1453847085
"bo_candidate_pool",22,,34,"inherited_common_raw_pool",1453847086
"bo_candidate_pool",22,,35,"inherited_common_raw_pool",1453847087
"bo_candidate_pool",22,,36,"inherited_common_raw_pool",1453847088
"bo_candidate_pool",22,,37,"inherited_common_raw_pool",1453847089
"bo_candidate_pool",22,,38,"inherited_common_raw_pool",1453847090
"bo_candidate_pool",22,,39,"inherited_common_raw_pool",1453847091
"bo_candidate_pool",22,,40,"inherited_common_raw_pool",1453847213
"bo_candidate_pool",23,,1,"inherited_common_raw_pool",502905373
"bo_candidate_pool",23,,2,"inherited_common_raw_pool",502905374
"bo_candidate_pool",23,,3,"inherited_common_raw_pool",502905375
"bo_candidate_pool",23,,4,"inherited_common_raw_pool",502905376
"bo_candidate_pool",23,,5,"inherited_common_raw_pool",502905377
"bo_candidate_pool",23,,6,"inherited_common_raw_pool",502905378
"bo_candidate_pool",23,,7,"inherited_common_raw_pool",502905379
"bo_candidate_pool",23,,8,"inherited_common_raw_pool",502905380
"bo_candidate_pool",23,,9,"inherited_common_raw_pool",502905381
"bo_candidate_pool",23,,10,"inherited_common_raw_pool",1456094911
"bo_candidate_pool",23,,11,"inherited_common_raw_pool",1456094912
"bo_candidate_pool",23,,12,"inherited_common_raw_pool",1456094913
"bo_candidate_pool",23,,13,"inherited_common_raw_pool",1456094914
"bo_candidate_pool",23,,14,"inherited_common_raw_pool",1456094915
"bo_candidate_pool",23,,15,"inherited_common_raw_pool",1456094916
"bo_candidate_pool",23,,16,"inherited_common_raw_pool",1456094917
"bo_candidate_pool",23,,17,"inherited_common_raw_pool",1456094918
"bo_candidate_pool",23,,18,"inherited_common_raw_pool",1456094919
"bo_candidate_pool",23,,19,"inherited_common_raw_pool",1456094920
"bo_candidate_pool",23,,20,"inherited_common_raw_pool",1456095042
"bo_candidate_pool",23,,21,"inherited_common_raw_pool",1456095043
"bo_candidate_pool",23,,22,"inherited_common_raw_pool",1456095044
"bo_candidate_pool",23,,23,"inherited_common_raw_pool",1456095045
"bo_candidate_pool",23,,24,"inherited_common_raw_pool",1456095046
"bo_candidate_pool",23,,25,"inherited_common_raw_pool",1456095047
"bo_candidate_pool",23,,26,"inherited_common_raw_pool",1456095048
"bo_candidate_pool",23,,27,"inherited_common_raw_pool",1456095049
"bo_candidate_pool",23,,28,"inherited_common_raw_pool",1456095050
"bo_candidate_pool",23,,29,"inherited_common_raw_pool",1456095051
"bo_candidate_pool",23,,30,"inherited_common_raw_pool",1456095173
"bo_candidate_pool",23,,31,"inherited_common_raw_pool",1456095174
"bo_candidate_pool",23,,32,"inherited_common_raw_pool",1456095175
"bo_candidate_pool",23,,33,"inherited_common_raw_pool",1456095176
"bo_candidate_pool",23,,34,"inherited_common_raw_pool",1456095177
"bo_candidate_pool",23,,35,"inherited_common_raw_pool",1456095178
"bo_candidate_pool",23,,36,"inherited_common_raw_pool",1456095179
"bo_candidate_pool",23,,37,"inherited_common_raw_pool",1456095180
"bo_candidate_pool",23,,38,"inherited_common_raw_pool",1456095181
"bo_candidate_pool",23,,39,"inherited_common_raw_pool",1456095182
"bo_candidate_pool",23,,40,"inherited_common_raw_pool",1456095304
"bo_candidate_pool",24,,1,"inherited_common_raw_pool",502922534
"bo_candidate_pool",24,,2,"inherited_common_raw_pool",502922535
"bo_candidate_pool",24,,3,"inherited_common_raw_pool",502922536
"bo_candidate_pool",24,,4,"inherited_common_raw_pool",502922537
"bo_candidate_pool",24,,5,"inherited_common_raw_pool",502922538
"bo_candidate_pool",24,,6,"inherited_common_raw_pool",502922539
"bo_candidate_pool",24,,7,"inherited_common_raw_pool",502922540
"bo_candidate_pool",24,,8,"inherited_common_raw_pool",502922541
"bo_candidate_pool",24,,9,"inherited_common_raw_pool",502922542
"bo_candidate_pool",24,,10,"inherited_common_raw_pool",1458343002
"bo_candidate_pool",24,,11,"inherited_common_raw_pool",1458343003
"bo_candidate_pool",24,,12,"inherited_common_raw_pool",1458343004
"bo_candidate_pool",24,,13,"inherited_common_raw_pool",1458343005
"bo_candidate_pool",24,,14,"inherited_common_raw_pool",1458343006
"bo_candidate_pool",24,,15,"inherited_common_raw_pool",1458343007
"bo_candidate_pool",24,,16,"inherited_common_raw_pool",1458343008
"bo_candidate_pool",24,,17,"inherited_common_raw_pool",1458343009
"bo_candidate_pool",24,,18,"inherited_common_raw_pool",1458343010
"bo_candidate_pool",24,,19,"inherited_common_raw_pool",1458343011
"bo_candidate_pool",24,,20,"inherited_common_raw_pool",1458343133
"bo_candidate_pool",24,,21,"inherited_common_raw_pool",1458343134
"bo_candidate_pool",24,,22,"inherited_common_raw_pool",1458343135
"bo_candidate_pool",24,,23,"inherited_common_raw_pool",1458343136
"bo_candidate_pool",24,,24,"inherited_common_raw_pool",1458343137
"bo_candidate_pool",24,,25,"inherited_common_raw_pool",1458343138
"bo_candidate_pool",24,,26,"inherited_common_raw_pool",1458343139
"bo_candidate_pool",24,,27,"inherited_common_raw_pool",1458343140
"bo_candidate_pool",24,,28,"inherited_common_raw_pool",1458343141
"bo_candidate_pool",24,,29,"inherited_common_raw_pool",1458343142
"bo_candidate_pool",24,,30,"inherited_common_raw_pool",1458343264
"bo_candidate_pool",24,,31,"inherited_common_raw_pool",1458343265
"bo_candidate_pool",24,,32,"inherited_common_raw_pool",1458343266
"bo_candidate_pool",24,,33,"inherited_common_raw_pool",1458343267
"bo_candidate_pool",24,,34,"inherited_common_raw_pool",1458343268
"bo_candidate_pool",24,,35,"inherited_common_raw_pool",1458343269
"bo_candidate_pool",24,,36,"inherited_common_raw_pool",1458343270
"bo_candidate_pool",24,,37,"inherited_common_raw_pool",1458343271
"bo_candidate_pool",24,,38,"inherited_common_raw_pool",1458343272
"bo_candidate_pool",24,,39,"inherited_common_raw_pool",1458343273
"bo_candidate_pool",24,,40,"inherited_common_raw_pool",1458343395
"bo_candidate_pool",25,,1,"inherited_common_raw_pool",502939695
"bo_candidate_pool",25,,2,"inherited_common_raw_pool",502939696
"bo_candidate_pool",25,,3,"inherited_common_raw_pool",502939697
"bo_candidate_pool",25,,4,"inherited_common_raw_pool",502939698
"bo_candidate_pool",25,,5,"inherited_common_raw_pool",502939699
"bo_candidate_pool",25,,6,"inherited_common_raw_pool",502939700
"bo_candidate_pool",25,,7,"inherited_common_raw_pool",502939701
"bo_candidate_pool",25,,8,"inherited_common_raw_pool",502939702
"bo_candidate_pool",25,,9,"inherited_common_raw_pool",502939703
"bo_candidate_pool",25,,10,"inherited_common_raw_pool",1460591093
"bo_candidate_pool",25,,11,"inherited_common_raw_pool",1460591094
"bo_candidate_pool",25,,12,"inherited_common_raw_pool",1460591095
"bo_candidate_pool",25,,13,"inherited_common_raw_pool",1460591096
"bo_candidate_pool",25,,14,"inherited_common_raw_pool",1460591097
"bo_candidate_pool",25,,15,"inherited_common_raw_pool",1460591098
"bo_candidate_pool",25,,16,"inherited_common_raw_pool",1460591099
"bo_candidate_pool",25,,17,"inherited_common_raw_pool",1460591100
"bo_candidate_pool",25,,18,"inherited_common_raw_pool",1460591101
"bo_candidate_pool",25,,19,"inherited_common_raw_pool",1460591102
"bo_candidate_pool",25,,20,"inherited_common_raw_pool",1460591224
"bo_candidate_pool",25,,21,"inherited_common_raw_pool",1460591225
"bo_candidate_pool",25,,22,"inherited_common_raw_pool",1460591226
"bo_candidate_pool",25,,23,"inherited_common_raw_pool",1460591227
"bo_candidate_pool",25,,24,"inherited_common_raw_pool",1460591228
"bo_candidate_pool",25,,25,"inherited_common_raw_pool",1460591229
"bo_candidate_pool",25,,26,"inherited_common_raw_pool",1460591230
"bo_candidate_pool",25,,27,"inherited_common_raw_pool",1460591231
"bo_candidate_pool",25,,28,"inherited_common_raw_pool",1460591232
"bo_candidate_pool",25,,29,"inherited_common_raw_pool",1460591233
"bo_candidate_pool",25,,30,"inherited_common_raw_pool",1460591355
"bo_candidate_pool",25,,31,"inherited_common_raw_pool",1460591356
"bo_candidate_pool",25,,32,"inherited_common_raw_pool",1460591357
"bo_candidate_pool",25,,33,"inherited_common_raw_pool",1460591358
"bo_candidate_pool",25,,34,"inherited_common_raw_pool",1460591359
"bo_candidate_pool",25,,35,"inherited_common_raw_pool",1460591360
"bo_candidate_pool",25,,36,"inherited_common_raw_pool",1460591361
"bo_candidate_pool",25,,37,"inherited_common_raw_pool",1460591362
"bo_candidate_pool",25,,38,"inherited_common_raw_pool",1460591363
"bo_candidate_pool",25,,39,"inherited_common_raw_pool",1460591364
"bo_candidate_pool",25,,40,"inherited_common_raw_pool",1460591486
"bo_candidate_pool",26,,1,"inherited_common_raw_pool",502956856
"bo_candidate_pool",26,,2,"inherited_common_raw_pool",502956857
"bo_candidate_pool",26,,3,"inherited_common_raw_pool",502956858
"bo_candidate_pool",26,,4,"inherited_common_raw_pool",502956859
"bo_candidate_pool",26,,5,"inherited_common_raw_pool",502956860
"bo_candidate_pool",26,,6,"inherited_common_raw_pool",502956861
"bo_candidate_pool",26,,7,"inherited_common_raw_pool",502956862
"bo_candidate_pool",26,,8,"inherited_common_raw_pool",502956863
"bo_candidate_pool",26,,9,"inherited_common_raw_pool",502956864
"bo_candidate_pool",26,,10,"inherited_common_raw_pool",1462839184
"bo_candidate_pool",26,,11,"inherited_common_raw_pool",1462839185
"bo_candidate_pool",26,,12,"inherited_common_raw_pool",1462839186
"bo_candidate_pool",26,,13,"inherited_common_raw_pool",1462839187
"bo_candidate_pool",26,,14,"inherited_common_raw_pool",1462839188
"bo_candidate_pool",26,,15,"inherited_common_raw_pool",1462839189
"bo_candidate_pool",26,,16,"inherited_common_raw_pool",1462839190
"bo_candidate_pool",26,,17,"inherited_common_raw_pool",1462839191
"bo_candidate_pool",26,,18,"inherited_common_raw_pool",1462839192
"bo_candidate_pool",26,,19,"inherited_common_raw_pool",1462839193
"bo_candidate_pool",26,,20,"inherited_common_raw_pool",1462839315
"bo_candidate_pool",26,,21,"inherited_common_raw_pool",1462839316
"bo_candidate_pool",26,,22,"inherited_common_raw_pool",1462839317
"bo_candidate_pool",26,,23,"inherited_common_raw_pool",1462839318
"bo_candidate_pool",26,,24,"inherited_common_raw_pool",1462839319
"bo_candidate_pool",26,,25,"inherited_common_raw_pool",1462839320
"bo_candidate_pool",26,,26,"inherited_common_raw_pool",1462839321
"bo_candidate_pool",26,,27,"inherited_common_raw_pool",1462839322
"bo_candidate_pool",26,,28,"inherited_common_raw_pool",1462839323
"bo_candidate_pool",26,,29,"inherited_common_raw_pool",1462839324
"bo_candidate_pool",26,,30,"inherited_common_raw_pool",1462839446
"bo_candidate_pool",26,,31,"inherited_common_raw_pool",1462839447
"bo_candidate_pool",26,,32,"inherited_common_raw_pool",1462839448
"bo_candidate_pool",26,,33,"inherited_common_raw_pool",1462839449
"bo_candidate_pool",26,,34,"inherited_common_raw_pool",1462839450
"bo_candidate_pool",26,,35,"inherited_common_raw_pool",1462839451
"bo_candidate_pool",26,,36,"inherited_common_raw_pool",1462839452
"bo_candidate_pool",26,,37,"inherited_common_raw_pool",1462839453
"bo_candidate_pool",26,,38,"inherited_common_raw_pool",1462839454
"bo_candidate_pool",26,,39,"inherited_common_raw_pool",1462839455
"bo_candidate_pool",26,,40,"inherited_common_raw_pool",1462839577
"bo_candidate_pool",27,,1,"inherited_common_raw_pool",502974017
"bo_candidate_pool",27,,2,"inherited_common_raw_pool",502974018
"bo_candidate_pool",27,,3,"inherited_common_raw_pool",502974019
"bo_candidate_pool",27,,4,"inherited_common_raw_pool",502974020
"bo_candidate_pool",27,,5,"inherited_common_raw_pool",502974021
"bo_candidate_pool",27,,6,"inherited_common_raw_pool",502974022
"bo_candidate_pool",27,,7,"inherited_common_raw_pool",502974023
"bo_candidate_pool",27,,8,"inherited_common_raw_pool",502974024
"bo_candidate_pool",27,,9,"inherited_common_raw_pool",502974025
"bo_candidate_pool",27,,10,"inherited_common_raw_pool",1465087275
"bo_candidate_pool",27,,11,"inherited_common_raw_pool",1465087276
"bo_candidate_pool",27,,12,"inherited_common_raw_pool",1465087277
"bo_candidate_pool",27,,13,"inherited_common_raw_pool",1465087278
"bo_candidate_pool",27,,14,"inherited_common_raw_pool",1465087279
"bo_candidate_pool",27,,15,"inherited_common_raw_pool",1465087280
"bo_candidate_pool",27,,16,"inherited_common_raw_pool",1465087281
"bo_candidate_pool",27,,17,"inherited_common_raw_pool",1465087282
"bo_candidate_pool",27,,18,"inherited_common_raw_pool",1465087283
"bo_candidate_pool",27,,19,"inherited_common_raw_pool",1465087284
"bo_candidate_pool",27,,20,"inherited_common_raw_pool",1465087406
"bo_candidate_pool",27,,21,"inherited_common_raw_pool",1465087407
"bo_candidate_pool",27,,22,"inherited_common_raw_pool",1465087408
"bo_candidate_pool",27,,23,"inherited_common_raw_pool",1465087409
"bo_candidate_pool",27,,24,"inherited_common_raw_pool",1465087410
"bo_candidate_pool",27,,25,"inherited_common_raw_pool",1465087411
"bo_candidate_pool",27,,26,"inherited_common_raw_pool",1465087412
"bo_candidate_pool",27,,27,"inherited_common_raw_pool",1465087413
"bo_candidate_pool",27,,28,"inherited_common_raw_pool",1465087414
"bo_candidate_pool",27,,29,"inherited_common_raw_pool",1465087415
"bo_candidate_pool",27,,30,"inherited_common_raw_pool",1465087537
"bo_candidate_pool",27,,31,"inherited_common_raw_pool",1465087538
"bo_candidate_pool",27,,32,"inherited_common_raw_pool",1465087539
"bo_candidate_pool",27,,33,"inherited_common_raw_pool",1465087540
"bo_candidate_pool",27,,34,"inherited_common_raw_pool",1465087541
"bo_candidate_pool",27,,35,"inherited_common_raw_pool",1465087542
"bo_candidate_pool",27,,36,"inherited_common_raw_pool",1465087543
"bo_candidate_pool",27,,37,"inherited_common_raw_pool",1465087544
"bo_candidate_pool",27,,38,"inherited_common_raw_pool",1465087545
"bo_candidate_pool",27,,39,"inherited_common_raw_pool",1465087546
"bo_candidate_pool",27,,40,"inherited_common_raw_pool",1465087668
"bo_candidate_pool",28,,1,"inherited_common_raw_pool",502991178
"bo_candidate_pool",28,,2,"inherited_common_raw_pool",502991179
"bo_candidate_pool",28,,3,"inherited_common_raw_pool",502991180
"bo_candidate_pool",28,,4,"inherited_common_raw_pool",502991181
"bo_candidate_pool",28,,5,"inherited_common_raw_pool",502991182
"bo_candidate_pool",28,,6,"inherited_common_raw_pool",502991183
"bo_candidate_pool",28,,7,"inherited_common_raw_pool",502991184
"bo_candidate_pool",28,,8,"inherited_common_raw_pool",502991185
"bo_candidate_pool",28,,9,"inherited_common_raw_pool",502991186
"bo_candidate_pool",28,,10,"inherited_common_raw_pool",1467335366
"bo_candidate_pool",28,,11,"inherited_common_raw_pool",1467335367
"bo_candidate_pool",28,,12,"inherited_common_raw_pool",1467335368
"bo_candidate_pool",28,,13,"inherited_common_raw_pool",1467335369
"bo_candidate_pool",28,,14,"inherited_common_raw_pool",1467335370
"bo_candidate_pool",28,,15,"inherited_common_raw_pool",1467335371
"bo_candidate_pool",28,,16,"inherited_common_raw_pool",1467335372
"bo_candidate_pool",28,,17,"inherited_common_raw_pool",1467335373
"bo_candidate_pool",28,,18,"inherited_common_raw_pool",1467335374
"bo_candidate_pool",28,,19,"inherited_common_raw_pool",1467335375
"bo_candidate_pool",28,,20,"inherited_common_raw_pool",1467335497
"bo_candidate_pool",28,,21,"inherited_common_raw_pool",1467335498
"bo_candidate_pool",28,,22,"inherited_common_raw_pool",1467335499
"bo_candidate_pool",28,,23,"inherited_common_raw_pool",1467335500
"bo_candidate_pool",28,,24,"inherited_common_raw_pool",1467335501
"bo_candidate_pool",28,,25,"inherited_common_raw_pool",1467335502
"bo_candidate_pool",28,,26,"inherited_common_raw_pool",1467335503
"bo_candidate_pool",28,,27,"inherited_common_raw_pool",1467335504
"bo_candidate_pool",28,,28,"inherited_common_raw_pool",1467335505
"bo_candidate_pool",28,,29,"inherited_common_raw_pool",1467335506
"bo_candidate_pool",28,,30,"inherited_common_raw_pool",1467335628
"bo_candidate_pool",28,,31,"inherited_common_raw_pool",1467335629
"bo_candidate_pool",28,,32,"inherited_common_raw_pool",1467335630
"bo_candidate_pool",28,,33,"inherited_common_raw_pool",1467335631
"bo_candidate_pool",28,,34,"inherited_common_raw_pool",1467335632
"bo_candidate_pool",28,,35,"inherited_common_raw_pool",1467335633
"bo_candidate_pool",28,,36,"inherited_common_raw_pool",1467335634
"bo_candidate_pool",28,,37,"inherited_common_raw_pool",1467335635
"bo_candidate_pool",28,,38,"inherited_common_raw_pool",1467335636
"bo_candidate_pool",28,,39,"inherited_common_raw_pool",1467335637
"bo_candidate_pool",28,,40,"inherited_common_raw_pool",1467335759
"bo_candidate_pool",29,,1,"inherited_common_raw_pool",503008339
"bo_candidate_pool",29,,2,"inherited_common_raw_pool",503008340
"bo_candidate_pool",29,,3,"inherited_common_raw_pool",503008341
"bo_candidate_pool",29,,4,"inherited_common_raw_pool",503008342
"bo_candidate_pool",29,,5,"inherited_common_raw_pool",503008343
"bo_candidate_pool",29,,6,"inherited_common_raw_pool",503008344
"bo_candidate_pool",29,,7,"inherited_common_raw_pool",503008345
"bo_candidate_pool",29,,8,"inherited_common_raw_pool",503008346
"bo_candidate_pool",29,,9,"inherited_common_raw_pool",503008347
"bo_candidate_pool",29,,10,"inherited_common_raw_pool",1469583457
"bo_candidate_pool",29,,11,"inherited_common_raw_pool",1469583458
"bo_candidate_pool",29,,12,"inherited_common_raw_pool",1469583459
"bo_candidate_pool",29,,13,"inherited_common_raw_pool",1469583460
"bo_candidate_pool",29,,14,"inherited_common_raw_pool",1469583461
"bo_candidate_pool",29,,15,"inherited_common_raw_pool",1469583462
"bo_candidate_pool",29,,16,"inherited_common_raw_pool",1469583463
"bo_candidate_pool",29,,17,"inherited_common_raw_pool",1469583464
"bo_candidate_pool",29,,18,"inherited_common_raw_pool",1469583465
"bo_candidate_pool",29,,19,"inherited_common_raw_pool",1469583466
"bo_candidate_pool",29,,20,"inherited_common_raw_pool",1469583588
"bo_candidate_pool",29,,21,"inherited_common_raw_pool",1469583589
"bo_candidate_pool",29,,22,"inherited_common_raw_pool",1469583590
"bo_candidate_pool",29,,23,"inherited_common_raw_pool",1469583591
"bo_candidate_pool",29,,24,"inherited_common_raw_pool",1469583592
"bo_candidate_pool",29,,25,"inherited_common_raw_pool",1469583593
"bo_candidate_pool",29,,26,"inherited_common_raw_pool",1469583594
"bo_candidate_pool",29,,27,"inherited_common_raw_pool",1469583595
"bo_candidate_pool",29,,28,"inherited_common_raw_pool",1469583596
"bo_candidate_pool",29,,29,"inherited_common_raw_pool",1469583597
"bo_candidate_pool",29,,30,"inherited_common_raw_pool",1469583719
"bo_candidate_pool",29,,31,"inherited_common_raw_pool",1469583720
"bo_candidate_pool",29,,32,"inherited_common_raw_pool",1469583721
"bo_candidate_pool",29,,33,"inherited_common_raw_pool",1469583722
"bo_candidate_pool",29,,34,"inherited_common_raw_pool",1469583723
"bo_candidate_pool",29,,35,"inherited_common_raw_pool",1469583724
"bo_candidate_pool",29,,36,"inherited_common_raw_pool",1469583725
"bo_candidate_pool",29,,37,"inherited_common_raw_pool",1469583726
"bo_candidate_pool",29,,38,"inherited_common_raw_pool",1469583727
"bo_candidate_pool",29,,39,"inherited_common_raw_pool",1469583728
"bo_candidate_pool",29,,40,"inherited_common_raw_pool",1469583850
"bo_candidate_pool",30,,1,"inherited_common_raw_pool",505101981
"bo_candidate_pool",30,,2,"inherited_common_raw_pool",505101982
"bo_candidate_pool",30,,3,"inherited_common_raw_pool",505101983
"bo_candidate_pool",30,,4,"inherited_common_raw_pool",505101984
"bo_candidate_pool",30,,5,"inherited_common_raw_pool",505101985
"bo_candidate_pool",30,,6,"inherited_common_raw_pool",505101986
"bo_candidate_pool",30,,7,"inherited_common_raw_pool",505101987
"bo_candidate_pool",30,,8,"inherited_common_raw_pool",505101988
"bo_candidate_pool",30,,9,"inherited_common_raw_pool",505101989
"bo_candidate_pool",30,,10,"inherited_common_raw_pool",1743850559
"bo_candidate_pool",30,,11,"inherited_common_raw_pool",1743850560
"bo_candidate_pool",30,,12,"inherited_common_raw_pool",1743850561
"bo_candidate_pool",30,,13,"inherited_common_raw_pool",1743850562
"bo_candidate_pool",30,,14,"inherited_common_raw_pool",1743850563
"bo_candidate_pool",30,,15,"inherited_common_raw_pool",1743850564
"bo_candidate_pool",30,,16,"inherited_common_raw_pool",1743850565
"bo_candidate_pool",30,,17,"inherited_common_raw_pool",1743850566
"bo_candidate_pool",30,,18,"inherited_common_raw_pool",1743850567
"bo_candidate_pool",30,,19,"inherited_common_raw_pool",1743850568
"bo_candidate_pool",30,,20,"inherited_common_raw_pool",1743850690
"bo_candidate_pool",30,,21,"inherited_common_raw_pool",1743850691
"bo_candidate_pool",30,,22,"inherited_common_raw_pool",1743850692
"bo_candidate_pool",30,,23,"inherited_common_raw_pool",1743850693
"bo_candidate_pool",30,,24,"inherited_common_raw_pool",1743850694
"bo_candidate_pool",30,,25,"inherited_common_raw_pool",1743850695
"bo_candidate_pool",30,,26,"inherited_common_raw_pool",1743850696
"bo_candidate_pool",30,,27,"inherited_common_raw_pool",1743850697
"bo_candidate_pool",30,,28,"inherited_common_raw_pool",1743850698
"bo_candidate_pool",30,,29,"inherited_common_raw_pool",1743850699
"bo_candidate_pool",30,,30,"inherited_common_raw_pool",1743850821
"bo_candidate_pool",30,,31,"inherited_common_raw_pool",1743850822
"bo_candidate_pool",30,,32,"inherited_common_raw_pool",1743850823
"bo_candidate_pool",30,,33,"inherited_common_raw_pool",1743850824
"bo_candidate_pool",30,,34,"inherited_common_raw_pool",1743850825
"bo_candidate_pool",30,,35,"inherited_common_raw_pool",1743850826
"bo_candidate_pool",30,,36,"inherited_common_raw_pool",1743850827
"bo_candidate_pool",30,,37,"inherited_common_raw_pool",1743850828
"bo_candidate_pool",30,,38,"inherited_common_raw_pool",1743850829
"bo_candidate_pool",30,,39,"inherited_common_raw_pool",1743850830
"bo_candidate_pool",30,,40,"inherited_common_raw_pool",1743850952
