"m","n","lambda","k_min_mean","k_min_sd","k_min_se","k_ave_mean","k_ave_sd","k_ave_se","k_m2_mean","k_m2_sd","k_m2_se","A_mean","A_sd","A_se","B_mean","B_sd","B_se","phi_lambda_mean","phi_lambda_sd","phi_lambda_se","elapsed_sec_mean","elapsed_sec_sd","elapsed_sec_se","n_iter_mean","n_iter_sd","n_iter_se","n_runs"
5,5,0,4,0,0,6,0,0,40.2,0,0,0.75,0,0,0.806047516198704,0,0,0.806047516198704,0,0,0.0169499999999988,0.00559581610622798,0.0012512625203114,6000,0,0,20
5,5,0.1,4,0,0,6,0,0,40.2,0,0,0.75,0,0,0.806047516198704,0,0,0.800442764578834,0,0,0.0154999999999998,0.00514525842019056,0.00115051475893493,6000,0,0,20
5,5,0.2,4,0,0,6,0,0,40.2,0,0,0.75,0,0,0.806047516198704,0,0,0.794838012958963,0,0,0.014750000000002,0.00502493781056134,0.00112361025271241,6000,0,0,20
5,5,0.3,4,0,0,6,0,0,40.2,0,0,0.75,0,0,0.806047516198704,0,0,0.789233261339093,0,0,0.0169500000000016,0.00580811591880749,0.00129873420156522,6000,0,0,20
5,5,0.4,4,0,0,6,0,0,40.2,0,0,0.75,0,0,0.806047516198704,0,0,0.783628509719222,0,0,0.0135999999999995,0.00243656358530966,0.000544832180825301,6000,0,0,20
5,5,0.5,4,0,0,6,0,0,40.2,0,0,0.75,0,0,0.806047516198704,0,0,0.778023758099352,0,0,0.0161999999999988,0.00569949212880503,0.0012744451837233,6000,0,0,20
5,5,0.6,4,0,0,6,0,0,40.2,0,0,0.75,0,0,0.806047516198704,0,0,0.772419006479482,0,0,0.01455,0.00518575985398123,0.00115957115484914,6000,0,0,20
5,5,0.7,4,0,0,6,0,0,40.2,0,0,0.75,0,0,0.806047516198704,0,0,0.766814254859611,0,0,0.0143500000000006,0.00528428653751236,0.00118160239104646,6000,0,0,20
5,5,0.8,4,0,0,6,0,0,40.2,0,0,0.75,0,0,0.806047516198704,0,0,0.761209503239741,0,0,0.0170500000000009,0.0178162403736781,0.00398383245790205,6000,0,0,20
5,5,0.9,4,0,0,6,0,0,40.2,0,0,0.75,0,0,0.806047516198704,0,0,0.75560475161987,0,0,0.0141999999999994,0.00363607654368951,0.000813051432308224,6000,0,0,20
5,5,1,4,0,0,6,0,0,40.51,0.300700935534922,0.0672387732753867,0.75,0,0,0.789978401727862,0.0155870895309679,0.00348537917626195,0.75,0,0,0.0142499999999981,0.00438748219369589,0.00098107084351739,6000,0,0,20
5,10,0,3.47368421052632,0.512989176042577,0.117687788289463,5.55555555555556,0,0,33.9789473684211,0.10618039473247,0.0243594531802156,0.618421052631579,0.128247294010644,0.0294219470723656,0.896255308197143,0.00700946371094545,0.00160808126128562,0.896255308197143,0.00700946371094545,0.00160808126128562,0.0216315789473669,0.00584247404136156,0.00134035546981867,6000,0,0,20
5,10,0.1,3.9,0.307793505625546,0.0688247201611685,5.55555555555556,0,0,34.0533333333333,0.177543705552791,0.0396999794593248,0.725,0.0769483764063866,0.0172061800402921,0.891344743276284,0.0117204891196219,0.00262078104010212,0.874710268948655,0.0139819956578541,0.00312646927520686,0.0229999999999992,0.00589379691754492,0.00131789305532092,6000,0,0,20
5,10,0.2,3.95,0.223606797749979,0.05,5.55555555555556,0,0,34.1777777777778,0.1135406886504,0.0253884698034434,0.7375,0.0559016994374947,0.0125,0.883129584352078,0.00749535108450074,0.00167601145401704,0.854003667481663,0.0111307913876737,0.00248892061862076,0.0214499999999998,0.0053061533296622,0.00118649195441615,6000,0,0,20
5,10,0.3,4,0,0,5.55555555555556,0,0,34.1866666666667,0.109437690889083,0.0244710116128598,0.75,0,0,0.882542787286064,0.00722449304157756,0.00161544575439416,0.842779951100244,0.00505714512910429,0.00113081202807592,0.0228999999999995,0.00643101039781631,0.00143801764135252,6000,0,0,20
5,10,0.4,4,0,0,5.55555555555556,0,0,34.1866666666667,0.109437690889083,0.0244710116128598,0.75,0,0,0.882542787286064,0.00722449304157756,0.00161544575439416,0.829525672371638,0.00433469582494654,0.000969267452636499,0.0248000000000004,0.00638748776906929,0.00142828568570874,6000,0,0,20
5,10,0.5,4,0,0,5.55555555555556,0,0,34.0977777777778,0.173994839086077,0.0389064287930605,0.75,0,0,0.88841075794621,0.011486211871208,0.00256839505479861,0.819205378973105,0.00574310593560398,0.0012841975273993,0.0227000000000002,0.00553553116359676,0.00123778239733709,6000,0,0,20
5,10,0.6,4,0,0,5.55555555555556,0,0,34.0622222222222,0.181481879300992,0.0405805818801429,0.75,0,0,0.890757946210269,0.0119804663597231,0.00267891371824903,0.806303178484108,0.00479218654388925,0.00107156548729961,0.0238999999999998,0.00767017463604084,0.0017151031885482,6000,0,0,20
5,10,0.7,4,0,0,5.55555555555556,0,0,34.1333333333333,0.157959700735757,0.0353208628550677,0.75,0,0,0.886063569682151,0.0104276575057835,0.00233169510290177,0.790819070904645,0.00312829725173504,0.000699508530870532,0.0232500000000004,0.0064144163290301,0.0014343070947696,6000,0,0,20
5,10,0.8,3.95,0.223606797749979,0.05,5.55555555555556,0,0,34.16,0.132472856954772,0.0296218313324476,0.7375,0.0559016994374947,0.0125,0.884303178484108,0.00874515192610961,0.00195547541803443,0.766860635696822,0.0443952665150031,0.00992708338067671,0.0225999999999989,0.0056698649385198,0.00126782034257729,6000,0,0,20
5,10,0.9,4,0,0,5.55555555555556,0,0,34.0977777777778,0.173994839086077,0.0389064287930605,0.75,0,0,0.88841075794621,0.011486211871208,0.00256839505479861,0.763841075794621,0.0011486211871208,0.000256839505479861,0.0211500000000006,0.00518372960633448,0.00115911717767421,6000,0,0,20
5,10,1,4,0,0,5.55555555555556,0,0,34.2044444444444,0.0795046391999922,0.0177777777777777,0.75,0,0,0.881369193154034,0.0052484725144249,0.00117359413202933,0.75,0,0,0.0211999999999993,0.00559699167316404,0.00125152538506951,6000,0,0,20
5,15,0,1.85,0.489360484929593,0.109424330980483,5.33333333333333,0,0,31.8409523809524,0.098930912542533,0.022121624552119,0.2125,0.122340121232398,0.0273560827451208,0.95768115942029,0.00708456662708678,0.00158415725692924,0.95768115942029,0.00708456662708678,0.00158415725692924,0.036250000000001,0.00599012345009314,0.00133943232280238,6000,0,0,20
5,15,0.1,2.25,0.444261658319319,0.0993399267798783,5.33333333333333,0,0,31.9057142857143,0.127920938705339,0.0286039914690723,0.3125,0.11106541457983,0.0248349816949696,0.95304347826087,0.00916057873081713,0.00204836767553458,0.888989130434783,0.0122530590458634,0.00273986729588693,0.0374999999999986,0.0065333154314085,0.00146089374230778,6000,0,0,20
5,15,0.2,2.15,0.366347548532523,0.0819178021909125,5.33333333333333,0,0,31.8542857142857,0.189498745209803,0.0423732075940033,0.2875,0.0915868871331308,0.0204794505477281,0.956726342710997,0.0135702426237199,0.00303439849778029,0.822881074168798,0.0145757873252298,0.00325924512847936,0.0355500000000002,0.00618550938208023,0.00138312194537941,6000,0,0,20
5,15,0.3,2.3,0.470162345981627,0.105131496607569,5.33333333333333,0,0,31.9219047619048,0.213710729557303,0.0477871718811204,0.325,0.117540586495407,0.0262828741518923,0.951884057971014,0.0153040931652289,0.00342209926514417,0.76381884057971,0.0307670323324243,0.00687971757612345,0.035250000000002,0.00620589702579243,0.00138768076110356,6000,0,0,20
5,15,0.4,2.3,0.470162345981627,0.105131496607569,5.33333333333333,0,0,31.8619047619048,0.121866378669059,0.0272501506875745,0.325,0.117540586495407,0.0262828741518923,0.95618073316283,0.00872700409906302,0.00195141744054242,0.703708439897698,0.0454967451993464,0.0101733815020726,-0.0147499999999994,0.223285956614051,0.0499282577410088,6000,0,0,20
5,15,0.5,2.25,0.444261658319319,0.0993399267798783,5.33333333333333,0,0,31.8857142857143,0.174792940091856,0.0390848896032439,0.3125,0.11106541457983,0.0248349816949696,0.954475703324808,0.0125171414899539,0.002798917925552,0.633487851662404,0.0513659795883311,0.0114857822090375,0.0367499999999991,0.00715155485486174,0.00159913628002895,6000,0,0,20
5,15,0.6,2.35,0.489360484929593,0.109424330980483,5.33333333333333,0,0,31.927619047619,0.158354107593749,0.0354090549095939,0.3375,0.122340121232398,0.0273560827451208,0.951474850809889,0.01133993609367,0.00253568679659496,0.583089940323956,0.0697196249796742,0.0155897820820344,0.0362000000000014,0.00605761808321617,0.00135452458158033,6000,0,0,20
5,15,0.7,2.5,0.512989176042577,0.114707866935281,5.33333333333333,0,0,31.9047619047619,0.12204252866994,0.0272895390251953,0.375,0.128247294010644,0.0286769667338202,0.95311167945439,0.00873961842137679,0.00195423808876079,0.548433503836317,0.0877739114470729,0.0196268432646702,0.0398000000000004,0.0189002923953989,0.00422623385907343,6000,0,0,20
5,15,0.8,2.3,0.470162345981627,0.105131496607569,5.33333333333333,0,0,31.9180952380952,0.175566870398776,0.0392579456808558,0.325,0.117540586495407,0.0262828741518923,0.952156862745098,0.0125725636091195,0.00281131068814313,0.45043137254902,0.0923469231678455,0.0206493997716253,0.036849999999999,0.00589625215485822,0.00131844206307426,6000,0,0,20
5,15,0.9,2.2,0.410391340834062,0.0917662935482247,5.33333333333333,0,0,31.8561904761905,0.111832483456858,0.0250065035102154,0.3,0.102597835208515,0.0229415733870562,0.956589940323956,0.00800846428847062,0.00179074705443998,0.365658994032396,0.0918644941799027,0.0205415253704896,0.0371499999999995,0.0071765333956528,0.0016047216515477,6000,0,0,20
5,15,1,2.35,0.489360484929593,0.109424330980483,5.33333333333333,0,0,32.507619047619,0.462676408910907,0.103457590191028,0.3375,0.122340121232398,0.0273560827451208,0.909940323955669,0.0331328374667657,0.00740872768631401,0.3375,0.122340121232398,0.0273560827451208,0.0365499999999987,0.00680924294423896,0.00152259300986291,6000,0,0,20
5,20,0,1.7,0.470162345981627,0.105131496607569,5.26315789473684,0,0,31.2705263157895,0.0697484702582629,0.0155962320824098,0.175,0.117540586495407,0.0262828741518923,0.957565445026178,0.00520374712659813,0.00116359323127926,0.957565445026178,0.00520374712659813,0.00116359323127926,0.0412999999999996,0.00951508497625049,0.00212763768185831,6000,0,0,20
5,20,0.1,2,0,0,5.26315789473684,0,0,31.2757894736842,0.0649424700829081,0.0145215777732129,0.25,0,0,0.95717277486911,0.00484518428629026,0.00108341614276588,0.886455497382199,0.00436066585766123,0.000975074528489293,0.0405000000000001,0.00677844882115832,0.00151570723461133,6000,0,0,20
5,20,0.2,2,0,0,5.26315789473684,0,0,31.2768421052632,0.0853865254344133,0.0190930075233863,0.25,0,0,0.957094240837696,0.00637046066722715,0.00142447830999086,0.815675392670157,0.00509636853378173,0.00113958264799269,0.0418499999999996,0.00439227791278738,0.000982143198906348,6000,0,0,20
5,20,0.3,2,0,0,5.26315789473684,0,0,31.3157894736842,0.0677895425061158,0.0151582025207286,0.25,0,0,0.954188481675393,0.00505759675765522,0.00113091301528996,0.742931937172775,0.00354031773035867,0.000791639110702976,0.0400499999999988,0.00619401238888596,0.00138502327550249,6000,0,0,20
5,20,0.4,2,0,0,5.26315789473684,0,0,31.3126315789474,0.0663197466171952,0.014829546168661,0.25,0,0,0.954424083769634,0.00494793921096873,0.00110639284242628,0.67265445026178,0.00296876352658126,0.00066383570545577,0.0404499999999988,0.00571678047045344,0.00127831097443771,6000,0,0,20
5,20,0.5,2,0,0,5.26315789473684,0,0,31.3052631578947,0.051113850835106,0.0114294045059081,0.25,0,0,0.954973821989529,0.00381346792879716,0.000852717351880577,0.602486910994764,0.00190673396439859,0.000426358675940291,0.0414999999999991,0.00810782597897003,0.00181296500387158,6000,0,0,20
5,20,0.6,2,0,0,5.26315789473684,0,0,31.3073684210526,0.0583187694869456,0.0130404732936951,0.25,0,0,0.954816753926702,0.00435100767114645,0.000972914892330652,0.531926701570681,0.00174040306845859,0.000389165956932264,0.0409999999999995,0.00619847179807767,0.0013860204297117,6000,0,0,20
5,20,0.7,2,0,0,5.26315789473684,0,0,31.3042105263158,0.0638831854184636,0.0142847145214908,0.25,0,0,0.955052356020942,0.00476615388593247,0.00106574440801698,0.461515706806283,0.00142984616577975,0.000319723322405095,0.0406499999999996,0.00636830143428244,0.0014239954908265,6000,0,0,20
5,20,0.8,2,0,0,5.26315789473684,0,0,31.2989473684211,0.061889384885539,0.0138388871689713,0.25,0,0,0.95544502617801,0.00461740175193156,0.00103248241967456,0.391089005235602,0.000923480350386324,0.000206496483934914,0.0404,0.00709632966658474,0.00158678755252319,6000,0,0,20
5,20,0.9,2,0,0,5.26315789473684,0,0,31.2789473684211,0.0863644211355655,0.0193116716496544,0.25,0,0,0.956937172774869,0.006443418854355,0.00144079225658416,0.320693717277487,0.000644341885435506,0.000144079225658417,0.0403999999999983,0.00609918027279038,0.0013638181696985,6000,0,0,20
5,20,1,2,0,0,5.26315789473684,0,0,31.7673684210526,0.182189947164867,0.0407389106677739,0.25,0,0,0.920497382198953,0.0135927054821956,0.00303942134563235,0.25,0,0,0.0415000000000002,0.00751489748503103,0.00168038216204716,6000,0,0,20
5,25,0,1.15,0.366347548532523,0.0819178021909125,5.2,0,0,30.721,0.0318824595674515,0.00712913468827101,0.0375,0.0915868871331308,0.0204794505477281,0.974071163037706,0.00243817003596019,0.000545191394111008,0.974071163037706,0.00243817003596019,0.000545191394111008,0.0593999999999991,0.0112689606301651,0.0025198162004818,6000,0,0,20
5,25,0.1,2,0,0,5.2,0,0,30.8713333333333,0.086358426211793,0.0193103311439469,0.25,0,0,0.962574614976102,0.00660414942883601,0.00147673270564437,0.891317153478492,0.0059437344859524,0.00132905943507993,0.0616499999999995,0.0109413508258669,0.00244656042123119,6000,0,0,20
5,25,0.2,1.95,0.223606797749979,0.05,5.2,0,0,30.8283333333333,0.116716781216515,0.0260986656915098,0.2375,0.0559016994374947,0.0125,0.965862984599044,0.00892576553116206,0.00199586184789029,0.820190387679235,0.0121468305106844,0.00271611387330589,0.06455,0.0193403722818353,0.00432463871323363,6000,0,0,20
5,25,0.3,1.95,0.223606797749979,0.05,5.2,0,0,30.885,0.104021477764245,0.0232599095400834,0.2375,0.0559016994374947,0.0125,0.961529474243229,0.00795490854915093,0.00177877162706957,0.74432063197026,0.0161068384215445,0.00360159856131789,0.0618000000000003,0.0120332871651943,0.00269072480941502,6000,0,0,20
5,25,0.4,2,0,0,5.2,0,0,30.9076666666667,0.21913466179498,0.049,0.25,0,0,0.959796070100903,0.0167580410507048,0.00374721189591078,0.675877642060542,0.0100548246304229,0.00224832713754647,0.0602000000000009,0.0095454591023018,0.00213442954291909,6000,0,0,20
5,25,0.5,2,0,0,5.2,0,0,30.8563333333333,0.122764930131432,0.0274510729026895,0.25,0,0,0.963721720658524,0.009388289930391,0.0020992854476831,0.606860860329262,0.00469414496519551,0.00104964272384155,0.0592000000000009,0.0114183600997887,0.00255322293746988,6000,0,0,20
5,25,0.6,2,0,0,5.2,0,0,30.8856666666667,0.153009192094779,0.034213895470625,0.25,0,0,0.961478491768454,0.0117011809143113,0.00261646359414233,0.534591396707382,0.00468047236572453,0.00104658543765693,0.0620499999999992,0.011780782745865,0.00263426310479108,6000,0,0,20
5,25,0.7,1.95,0.223606797749979,0.05,5.2,0,0,30.834,0.108102182546631,0.0241723828690358,0.2375,0.0559016994374947,0.0125,0.965429633563462,0.00826697519209498,0.00184855184978288,0.455878890069039,0.0384807752361195,0.00860456292548536,0.0664999999999995,0.0205490427488667,0.00459490564590152,6000,0,0,20
5,25,0.8,2,0,0,5.2,0,0,30.868,0.155876694408269,0.0348550884804852,0.25,0,0,0.962829527349973,0.0119204694608554,0.0026654980038183,0.392565905469995,0.00238409389217109,0.000533099600763661,0.0600499999999995,0.00971962204160121,0.00217337356006256,6000,0,0,20
5,25,0.9,2,0,0,5.2,0,0,30.8326666666667,0.0736960725623224,0.016478942792411,0.25,0,0,0.965531598513011,0.00563581224055997,0.00126020592783175,0.321553159851301,0.000563581224055995,0.000126020592783175,0.0578499999999982,0.0088690769709012,0.0019831859004613,6000,0,0,20
5,25,1,1.95,0.223606797749979,0.05,5.2,0,0,31.139,0.227143718834239,0.0507908795975457,0.2375,0.0559016994374947,0.0125,0.942105151354222,0.0173705233734096,0.00388416710676929,0.2375,0.0559016994374947,0.0125,0.0598000000000005,0.0112698946896495,0.00252002506253202,6000,0,0,20
10,10,0,19.1,0.552506251453083,0.123544153624268,25,0,0,677.968888888889,0.830803958629116,0.185773412747063,0.861904761904762,0.0263098214977658,0.00588305493448897,0.834761255115962,0.00170014452652616,0.000380163873288668,0.834761255115962,0.00170014452652616,0.000380163873288668,-0.0113,0.218187051572004,0.0487881079125254,6000,0,0,20
10,10,0.1,19.25,0.444261658319319,0.0993399267798783,25,0,0,678.315555555556,0.846522527676354,0.189288191636927,0.869047619047619,0.0211553170628247,0.00473047270380373,0.834051841746248,0.00173231076604984,0.000387356463104217,0.837551419476385,0.00297920406186787,0.000666170280118005,0.039599999999999,0.00561389254205025,0.00125530453424035,6000,0,0,20
10,10,0.2,19.25,0.444261658319319,0.0993399267798783,25,0,0,678.253333333333,1.10718370223163,0.24757380217698,0.869047619047619,0.0211553170628247,0.00473047270380373,0.834179172351069,0.00226572381084235,0.000506631245928338,0.841152861690379,0.00547844936047712,0.00122501851813171,0.0393500000000009,0.00531408258161318,0.00118826498905346,6000,0,0,20
10,10,0.3,19.45,0.51041778553404,0.114132886537902,25,0,0,678.066666666667,0.990664677993268,0.221519356290089,0.878571428571429,0.0243056088349543,0.00543489935894773,0.83456116416553,0.00202728106001351,0.000453313825968804,0.847764243487299,0.00768192445373434,0.00171773052765679,0.0385999999999995,0.00562325996478603,0.00125739915364146,6000,0,0,20
10,10,0.4,19.25,0.444261658319319,0.0993399267798783,25,0,0,678.208888888889,0.755569315320184,0.16895043507689,0.869047619047619,0.0211553170628247,0.00473047270380373,0.834270122783083,0.00154618550201948,0.000345737588834019,0.848181121288898,0.00881590115832994,0.00197129542729449,0.0385499999999997,0.00684778104667296,0.00153121039153954,6000,0,0,20
10,10,0.5,19.4,0.502624689950035,0.112390297389803,25,0,0,677.862222222222,0.637799987387624,0.142616412784724,0.876190476190476,0.0239345090452398,0.00535191892332397,0.834979536152797,0.00130518414881507,0.000291848047990569,0.855585006171636,0.0122632890039233,0.00274215478404982,0.0387500000000011,0.0061376748554792,0.00137242582006427,6000,0,0,20
10,10,0.6,19.45,0.51041778553404,0.114132886537902,25,0,0,677.888888888889,0.637082368394835,0.142455948299741,0.878571428571429,0.0243056088349543,0.00543489935894773,0.834924965893588,0.0013037156242732,0.000291519675920346,0.861112843500292,0.014830677355992,0.00331624027203649,0.0383500000000004,0.00665127609442057,0.00148727054842437,6000,0,0,20
10,10,0.7,19.25,0.444261658319319,0.0993399267798783,25,0,0,678.226666666667,0.983756310390239,0.219974598332696,0.869047619047619,0.0211553170628247,0.00473047270380373,0.834233742610277,0.00201314388210827,0.000450152656888192,0.858603456116417,0.0150581390924507,0.00336710226253667,0.0399500000000007,0.00572597957604333,0.00128036795698083,6000,0,0,20
10,10,0.8,19.5,0.512989176042577,0.114707866935281,25,0,0,677.897777777778,0.82275626721628,0.183973894240958,0.880952380952381,0.0244280560020275,0.00546227937787052,0.834906775807185,0.00168367585378502,0.00037648136611383,0.871743259923342,0.0197495376315523,0.00441613086683411,0.0391999999999988,0.0066459326698839,0.00148607572237471,6000,0,0,20
10,10,0.9,19.25,0.550119604220181,0.12301048307916,25,0,0,678.075555555556,0.828799361767536,0.185325171262065,0.869047619047619,0.0261961716295324,0.0058576420513886,0.834542974079127,0.00169604235013821,0.000379246598762754,0.86559715455077,0.0236718183828582,0.00529317950551,0.0377,0.00648966790164668,0.00145113385794804,6000,0,0,20
10,10,1,19.3,0.470162345981627,0.105131496607569,25,0,0,679.133333333333,1.63852260749819,0.366384793303616,0.871428571428571,0.0223886831419823,0.00500626174321759,0.83237835379718,0.00335304762789535,0.000749764242776843,0.871428571428571,0.0223886831419823,0.00500626174321759,0.0387500000000002,0.00627337733265599,0.00140276981643251,6000,0,0,20
10,20,0,12.3,1.59274671723509,0.35614899306773,23.6842105263158,0,0,600.52,0.448163217721641,0.100212341984063,0.538095238095238,0.0758450817730996,0.0169594758603681,0.924221405604042,0.000977848086439047,0.00021865347929458,0.924221405604042,0.000977848086439047,0.00021865347929458,0.0822500000000012,0.0128508652176465,0.00287354081963451,6000,0,0,20
10,20,0.1,14.25,0.550119604220181,0.12301048307916,23.6842105263158,0,0,601.044210526316,1.90248216866793,0.425407945512271,0.630952380952381,0.0261961716295324,0.00585764205138859,0.923077629765733,0.00415102907724973,0.000928198319330861,0.893865104884398,0.00453322694390942,0.00101366036040151,0.0821000000000007,0.0115115502637007,0.00257406089160403,6000,0,0,20
10,20,0.2,14.4,0.502624689950035,0.112390297389803,23.6842105263158,0,0,601.747368421053,1.60849182597263,0.359669706412756,0.638095238095238,0.0239345090452397,0.00535191892332396,0.921543408360129,0.00350957104886082,0.000784763943711802,0.864853774307151,0.00504169989618233,0.00112735836900173,0.0829999999999998,0.0102802826092628,0.00229874107422205,6000,0,0,20
10,20,0.3,14.45,0.51041778553404,0.114132886537902,23.6842105263158,0,0,601.547368421053,1.50757237203324,0.337103430486692,0.64047619047619,0.0243056088349543,0.00543489935894772,0.921979788700046,0.00328937472078911,0.000735526547915384,0.837528709232889,0.00666876386520242,0.00149118093284869,0.0868500000000004,0.0216509997338154,0.0048413107185641,6000,0,0,20
10,20,0.4,14.75,0.444261658319319,0.0993399267798783,23.6842105263158,0,0,602.734736842105,3.32662364016002,0.743855659495561,0.654761904761905,0.0211553170628247,0.00473047270380372,0.919389067524116,0.00725836577435007,0.00162301992770046,0.813538202419231,0.0088662292777681,0.00198254913691883,0.081999999999999,0.0130182058752537,0.00291095932821544,6000,0,0,20
10,20,0.5,14.6,0.502624689950035,0.112390297389803,23.6842105263158,0,0,602.248421052632,2.58242041004629,0.57744675833464,0.647619047619048,0.0239345090452397,0.00535191892332396,0.920450160771704,0.00563458748172709,0.00125993206343111,0.784034604195376,0.0116442028289475,0.00260372290693219,0.0822500000000002,0.0114288416321445,0.00255556667935546,6000,0,0,20
10,20,0.6,14.7,0.470162345981627,0.105131496607569,23.6842105263158,0,0,602.673684210526,1.69970710065634,0.380066061890666,0.652380952380952,0.0223886831419822,0.00500626174321758,0.919522278364722,0.00370859381172147,0.000829266786394426,0.75923748277446,0.0132255560167301,0.00295732422936398,0.0817499999999996,0.0110970598287158,0.00248137801273907,6000,0,0,20
10,20,0.7,14.65,0.489360484929593,0.109424330980483,23.6842105263158,0,0,602.122105263158,2.37586739556815,0.531260100201577,0.65,0.0233028802347425,0.00521068242764205,0.920725769407441,0.0051839091083825,0.00115915731555236,0.731217730822232,0.0158419650343231,0.00354237107139213,0.0820000000000007,0.012200086280972,0.00272802222556159,6000,0,0,20
10,20,0.8,14.85,0.366347548532523,0.0819178021909125,23.6842105263158,0,0,601.812631578947,1.76157360499807,0.393899832814505,0.65952380952381,0.0174451213586916,0.00390084772337678,0.921401010564998,0.00384358044269215,0.000859450714684838,0.711899249732047,0.0136177303702434,0.00304501708071276,0.0859499999999995,0.0211273706237594,0.00472422369005582,6000,0,0,20
10,20,0.9,14.7,0.470162345981627,0.105131496607569,23.6842105263158,0,0,601.484210526316,1.66576463902577,0.372476296737703,0.652380952380952,0.0223886831419822,0.00500626174321758,0.922117593017915,0.00363453469700157,0.000812706664907711,0.679354616444649,0.0201916150927739,0.00451498239229531,0.0824500000000005,0.0150629381351437,0.00336817536110551,6000,0,0,20
10,20,1,14.8,0.615587011251092,0.137649440322337,23.6842105263158,0,0,604.225263157895,1.83147196172398,0.409529580529972,0.657142857142857,0.029313667202433,0.00655473525344462,0.916136885622416,0.00399609178603075,0.00089355328778933,0.657142857142857,0.029313667202433,0.00655473525344462,0.0827,0.0114666564667434,0.00256402233342759,6000,0,0,20
10,30,0,10.05,1.57195821559574,0.351500542786135,23.2758620689655,0,0,578.211954022988,0.645797909693537,0.144404802580202,0.430952380952381,0.0748551531236067,0.016738121085054,0.950595585599426,0.00143863415126076,0.000321688375697178,0.950595585599426,0.00143863415126076,0.000321688375697178,0.131399999999999,0.0198637464002299,0.00444166872387307,6000,0,0,20
10,30,0.1,12.35,0.5871429486124,0.131289154560699,23.2758620689655,0,0,579.293333333333,1.59835226779865,0.357402432278873,0.54047619047619,0.0279591880291619,0.00625186450289043,0.948186613407077,0.00356062496283307,0.00079617994592774,0.907415571113989,0.00356133491130644,0.000796338695232439,0.13435,0.0251841115325563,0.00563133853397324,6000,0,0,20
10,30,0.2,12.5,0.512989176042577,0.114707866935281,23.2758620689655,0,0,579.539770114942,1.70465027847864,0.38117139005422,0.547619047619048,0.0244280560020274,0.00546227937787051,0.947637629948277,0.00379742341956374,0.000849129690549422,0.867633913482431,0.00397478467919152,0.000888788873859693,0.131750000000001,0.0199627943408416,0.00446381651669699,6000,0,0,20
10,30,0.3,12.55,0.51041778553404,0.114132886537902,23.2758620689655,0,0,580.246896551724,1.49885324692921,0.335153774842999,0.55,0.0243056088349543,0.00543489935894772,0.946062375172838,0.00333897251197934,0.000746616951178902,0.827243662620986,0.00656160838107468,0.00146722023818153,0.132600000000002,0.0222956214724359,0.00498545252129707,6000,0,0,20
10,30,0.4,12.55,0.51041778553404,0.114132886537902,23.2758620689655,0,0,579.80183908046,1.4010136822108,0.313276183083064,0.55,0.0243056088349543,0.00543489935894772,0.947053822911866,0.00312101680627693,0.00069788057377545,0.788232293747119,0.00963247978253161,0.00215388795856331,0.1287,0.0206629594864048,0.00462037820279253,6000,0,0,20
10,30,0.5,12.55,0.51041778553404,0.114132886537902,23.2758620689655,0,0,580.025287356322,2.14995609907067,0.48074479861623,0.55,0.0243056088349543,0.00543489935894772,0.94655605059661,0.0047894244026002,0.00107094785373104,0.748278025298305,0.0112784598264472,0.00252194028534364,0.130500000000001,0.0214316539136315,0.00479226350211294,6000,0,0,20
10,30,0.6,12.6,0.502624689950035,0.112390297389803,23.2758620689655,0,0,579.635402298851,1.99956499291862,0.447116324959492,0.552380952380952,0.0239345090452397,0.00535191892332396,0.94742459159113,0.00445440042976188,0.000996034215995183,0.710398408065024,0.0140677360537565,0.00314564141057242,0.128599999999999,0.0207374565765223,0.00463703625855539,6000,0,0,20
10,30,0.7,12.3,0.470162345981627,0.105131496607569,23.2758620689655,0,0,578.991724137931,0.959081596608314,0.214457164598522,0.538095238095238,0.0223886831419822,0.00500626174321758,0.948858503610386,0.00213653144120766,0.000477742953860592,0.661324217749782,0.0155793826345374,0.00348365586183054,0.13645,0.0294662608132729,0.00658885622212164,6000,0,0,20
10,30,0.8,12.4,0.502624689950035,0.112390297389803,23.2758620689655,0,0,579.656551724138,1.32255198429908,0.295731614066997,0.542857142857143,0.0239345090452397,0.00535191892332396,0.947377477339069,0.00294622887883495,0.000658796805034794,0.623761209753528,0.0188014214295782,0.00420412563901581,0.128800000000001,0.0194032010381371,0.00433868765023691,6000,0,0,20
10,30,0.9,12.6,0.502624689950035,0.112390297389803,23.2758620689655,0,0,579.888275862069,1.49234862142486,0.333699296363409,0.552380952380952,0.0239345090452397,0.00535191892332396,0.946861269012137,0.00332448225697656,0.000743376831659151,0.591828984044071,0.0214113585293247,0.004787725316219,0.1318,0.0211052500328092,0.0047192773755491,6000,0,0,20
10,30,1,12.5,0.512989176042577,0.114707866935281,23.2758620689655,0,0,581.488275862069,1.58027039947811,0.35335920360638,0.547619047619048,0.0244280560020274,0.00546227937787051,0.943296973421416,0.00352034426062876,0.000787172907096714,0.547619047619048,0.0244280560020274,0.00546227937787051,0.129999999999999,0.0218343042505427,0.0048822988545626,6000,0,0,20
10,40,0,9.55,1.09904264559757,0.245753406572738,23.0769230769231,0,0,567.595897435897,0.546260847513723,0.122147638848733,0.407142857142857,0.0523353640760747,0.0117025431701304,0.963282548476454,0.00122946520389169,0.000274916777187245,0.963282548476454,0.00122946520389169,0.000274916777187245,0.179849999999999,0.0245855648704688,0.00549749943155991,6000,0,0,20
10,40,0.1,10.95,0.68633274115326,0.153468666440246,23.0769230769231,0,0,568.758974358974,1.03409739251758,0.231231206502459,0.473809523809524,0.0326825114834886,0.00730803173524979,0.960664819944598,0.0023274352670929,0.00052043034704501,0.911979290331091,0.00323677198141554,0.000723764217811184,0.1873,0.0376802335449229,0.00842555636145156,6000,0,0,20
10,40,0.2,11.2,0.410391340834062,0.0917662935482247,23.0769230769231,0,0,569.698461538462,1.17284947980564,0.262257116422067,0.485714285714286,0.019542444801622,0.00436982350229642,0.958550323176362,0.00263972355219412,0.000590260130451327,0.863983115683947,0.0032695867564465,0.000731101824574741,0.1848,0.0240013157534065,0.00536685735740534,6000,0,0,20
10,40,0.3,11.2,0.410391340834062,0.0917662935482247,23.0769230769231,0,0,569.404102564103,1.07169426591986,0.239638122969355,0.485714285714286,0.019542444801622,0.00436982350229642,0.959212834718375,0.00241205426886396,0.000539351731059837,0.817163270017148,0.00596529256175254,0.00133387996737525,0.181500000000001,0.0233722732718646,0.00522619918245906,6000,0,0,20
10,40,0.4,11.1,0.307793505625546,0.0688247201611685,23.0769230769231,0,0,569.513846153846,1.1234270062391,0.251205915370971,0.480952380952381,0.0146568336012165,0.00327736762672231,0.958965835641736,0.00252848876057968,0.000565387274900035,0.767760453765994,0.00511408272492231,0.00114354366154837,0.1815,0.0261604361785625,0.00584965136163107,6000,0,0,20
10,40,0.5,11.25,0.444261658319319,0.0993399267798783,23.0769230769231,0,0,569.422564102564,1.35365843380201,0.302687227629719,0.488095238095238,0.0211553170628247,0.00473047270380373,0.959171283471837,0.00304666891264303,0.000681255879360518,0.723633260783538,0.0100514177921172,0.00224756534534249,0.186150000000001,0.0337752244918342,0.00755236979190571,6000,0,0,20
10,40,0.6,11.35,0.489360484929593,0.109424330980483,23.0769230769231,0,0,569.367692307692,1.107808635867,0.247713541585993,0.492857142857143,0.0233028802347425,0.00521068242764206,0.959294783010157,0.00249333661119651,0.000557527015342436,0.679432198918348,0.0138482833297043,0.0030965702896896,0.18105,0.0260110806347887,0.0058162544467616,6000,0,0,20
10,40,0.7,11.2,0.410391340834062,0.0917662935482247,23.0769230769231,0,0,569.221025641026,1.11866151179814,0.250140318419332,0.485714285714286,0.019542444801622,0.00436982350229642,0.959624884579871,0.00251776309788362,0.000562988943810822,0.627887465373961,0.0137255329877845,0.0030691224788102,0.18685,0.042352250918869,0.00947025120547189,6000,0,0,20
10,40,0.8,11.25,0.444261658319319,0.0993399267798783,23.0769230769231,0,0,569.593846153846,1.33834995217405,0.299264147074476,0.488095238095238,0.0211553170628247,0.00473047270380373,0.958785780240074,0.00301221422753854,0.000673551577556819,0.582233346524205,0.0166048855263349,0.00371296527954872,0.194000000000001,0.0464146075010198,0.0103786217521252,6000,0,0,20
10,40,0.9,11.05,0.223606797749979,0.05,23.0769230769231,0,0,568.88,0.942307407713379,0.210706341934872,0.478571428571429,0.010647942749999,0.00238095238095238,0.96039242843952,0.00212084423481197,0.000474235187872809,0.526753528558238,0.00956853188809872,0.00213958877466632,0.185400000000001,0.0326809134704518,0.00730767440867188,6000,0,0,20
10,40,1,11.3,0.470162345981627,0.105131496607569,23.0769230769231,0,0,570.981025641026,1.83888289289498,0.411186715117463,0.49047619047619,0.0223886831419823,0.00500626174321759,0.955663665743306,0.00413875997362097,0.000925454864357172,0.49047619047619,0.0223886831419823,0.00500626174321759,0.18335,0.0275170282208181,0.00615299456405293,6000,0,0,20
10,50,0,8,1.07605517369794,0.240613251592894,22.9591836734694,0,0,561.431673469388,0.639350467213353,0.142963110613531,0.333333333333333,0.0512407225570448,0.0114577738853759,0.970646455310103,0.00144783126413969,0.000323744912656579,0.970646455310103,0.00144783126413969,0.000323744912656579,0.19145,0.220280078894791,0.0492561230497769,6000,0,0,20
10,50,0.1,10.2,0.410391340834062,0.0917662935482247,22.9591836734694,0,0,562.531755102041,0.849271634476024,0.189902910605074,0.438095238095238,0.019542444801622,0.00436982350229641,0.968155282373602,0.00192320501383332,0.000430041714559972,0.915149277945766,0.0021805574701288,0.000487587473205296,0.2402,0.0356497582482398,0.00797152828244981,6000,0,0,20
10,50,0.2,10.1,0.307793505625546,0.0688247201611685,22.9591836734694,0,0,562.871020408163,1.2787341117529,0.28593363990273,0.433333333333333,0.0146568336012165,0.00327736762672231,0.967387004344209,0.00289573765948295,0.000647506625161002,0.860576270142034,0.00340227894733313,0.00076077270046533,0.242799999999999,0.0345902328775958,0.00773461120718524,6000,0,0,20
10,50,0.3,10.35,0.489360484929593,0.109424330980483,22.9591836734694,0,0,563.02906122449,0.827609348694901,0.185059076249612,0.445238095238095,0.0233028802347425,0.00521068242764205,0.96702911544505,0.0018741500178413,0.000419072683992558,0.810491809382964,0.0065153738421157,0.00145688188097947,0.243750000000001,0.0432737613462553,0.00967630720123297,6000,0,0,20
10,50,0.4,10.2,0.410391340834062,0.0917662935482247,22.9591836734694,0,0,563.009469387755,0.655863718274669,0.146655585803793,0.438095238095238,0.019542444801622,0.00436982350229641,0.967073481837508,0.00148522609277469,0.000332106650540062,0.7554821843406,0.00738927494334157,0.00165229210777477,0.24065,0.0341548717338828,0.0076372614959748,6000,0,0,20
10,50,0.5,10.5,0.512989176042577,0.114707866935281,22.9591836734694,0,0,563.109387755102,1.39502064713456,0.311936099700863,0.452380952380952,0.0244280560020275,0.00546227937787052,0.966847213235974,0.00315907254411654,0.000706390095449779,0.709614082808463,0.0115821342101643,0.00258984394184532,0.2428,0.0370029870771467,0.00827411944750463,6000,0,0,20
10,50,0.6,10.3,0.470162345981627,0.105131496607569,22.9591836734694,0,0,562.606204081633,0.798944585383758,0.178649440317347,0.442857142857143,0.0223886831419822,0.00500626174321759,0.967986690082263,0.0018092376690916,0.000404557841554208,0.652908961747191,0.0135526293505971,0.00303046005017939,0.241650000000001,0.0373803705875586,0.00835850496579148,6000,0,0,20
10,50,0.7,10.4,0.502624689950035,0.112390297389803,22.9591836734694,0,0,562.708734693878,0.910768807485601,0.203654096532422,0.447619047619048,0.0239345090452397,0.00535191892332396,0.967754505961734,0.00206246749083993,0.000461181751090151,0.603659685121854,0.0165793972256685,0.00370726592225662,0.247100000000002,0.0428730070888693,0.00958669582505421,6000,0,0,20
10,50,0.8,10.25,0.444261658319319,0.0993399267798783,22.9591836734694,0,0,563.29387755102,1.16516440228442,0.260538680847088,0.44047619047619,0.0211553170628247,0.00473047270380373,0.966429429706997,0.00263855512117279,0.000589998861332255,0.545666838322352,0.0169034720832638,0.00377973126339479,0.245950000000001,0.0400519071101233,0.00895587869267429,6000,0,0,20
10,50,0.9,10.4,0.502624689950035,0.112390297389803,22.9591836734694,0,0,562.695346938776,1.56564089032065,0.350087945911027,0.447619047619048,0.0239345090452397,0.00535191892332396,0.96778482299658,0.00354544799083612,0.000792786271819962,0.499635625156801,0.0213173086630022,0.00476669512678181,0.2437,0.0364837382664481,0.00815801188370884,6000,0,0,20
10,50,1,10.3,0.470162345981627,0.105131496607569,22.9591836734694,0,0,564.908244897959,1.44083543285074,0.322180597224458,0.442857142857143,0.0223886831419822,0.00500626174321759,0.962773638968481,0.00326282171225095,0.000729589114705538,0.442857142857143,0.0223886831419822,0.00500626174321759,0.239900000000001,0.0349449190644513,0.00781392144963415,6000,0,0,20
20,20,0,68.45,2.99956137144294,0.67072231292289,100,0,0,10553.2210526316,7.82013282042295,1.74863485795429,0.717553191489362,0.0319102273557759,0.00713534375449883,0.911451249796922,0.000862107617077281,0.000192773123570516,0.911451249796922,0.000862107617077281,0.000192773123570516,0.1582,0.0207734648555611,0.00464508795452374,6000,0,0,20
20,20,0.1,72.6,1.63514042532326,0.365628514378072,100,0,0,10556.7473684211,11.2938283319005,2.52537678763425,0.761702127659574,0.0173951109076942,0.00388966504657523,0.911062501450554,0.00124505499516157,0.000278402760490694,0.896126464071456,0.00229131892296741,0.000512354486988673,0.15515,0.0200899948914083,0.00449225942448126,6000,0,0,20
20,20,0.2,73.85,1.53125335660212,0.342398659613707,100,0,0,10561.4694736842,14.1161203511719,3.15646046837887,0.775,0.0162899293255545,0.00364253893206071,0.910541926799267,0.0015561903049195,0.000347974730772612,0.883433541439413,0.0034804424487644,0.000778250590721302,0.154150000000001,0.020178871180154,0.00451213276680358,6000,0,0,20
20,20,0.3,73.5,1.27733274731701,0.28562028528874,100,0,0,10561.4042105263,15.5139530667714,3.46902536570422,0.771276595744681,0.0135886462480533,0.00303851367328446,0.910549121544782,0.00171029027472705,0.000382432531554648,0.868767363804751,0.00422466442671507,0.000944663684026008,0.155899999999998,0.0205986713930253,0.00460600294809848,6000,0,0,20
20,20,0.4,73.8,1.10501250290617,0.247088307248537,100,0,0,10572.7852631579,16.6134872672093,3.71488868728073,0.774468085106383,0.0117554521585762,0.00262859901328231,0.909294450762411,0.00183150519923049,0.000409537012662368,0.8553639045,0.00535202819790323,0.00119674988680073,0.156099999999999,0.0216111569626252,0.00483240160408479,6000,0,0,20
20,20,0.5,73.65,1.42441123571146,0.31850803509653,100,0,0,10566.6978947368,19.3168218794646,4.31937268317381,0.772872340425532,0.015153311018207,0.00338838335209075,0.909965534848098,0.00212952639839062,0.000476176578668172,0.841418937636815,0.00798381159187113,0.00178523454389747,0.1624,0.0335063230482029,0.00749224160118495,6000,0,0,20
20,20,0.6,73.55,1.356271980176,0.303271634365178,100,0,0,10564.5589473684,15.910051106114,3.55759557987667,0.771808510638298,0.0144284253210213,0.00322629398260828,0.910201336830134,0.00175395694186279,0.000392196695161284,0.827165641115032,0.00883196484235127,0.00197488737623857,0.1724,0.0398621308221741,0.00891344342463708,6000,0,0,20
20,20,0.7,73.4,1.23117402250218,0.275298880644674,100,0,0,10568.2168421053,17.4062686430512,3.89215999204854,0.770212765957447,0.0130975959840658,0.00292871149621994,0.909798082948453,0.00191890305787111,0.000429079767963201,0.812088361054749,0.00929881737617509,0.00207927877634837,0.161849999999999,0.031160492868205,0.00696769802657039,6000,0,0,20
20,20,0.8,73.5,1.10023920844036,0.246020966158321,100,0,0,10569.0831578947,11.533340502231,2.57893333706401,0.771276595744681,0.0117046724302166,0.0026172443208332,0.909702578503957,0.00127145931221942,0.000284306945274774,0.798961792296536,0.00940967769584009,0.0021040678974262,0.157300000000002,0.0251335380884218,0.00562002996807913,6000,0,0,20
20,20,0.9,73.55,0.944513241388333,0.211199581339298,100,0,0,10567.9789473684,17.0408194101688,3.81044305934354,0.771808510638298,0.0100480132062589,0.00224680405680104,0.909824308956298,0.00187861517855274,0.000420071124280683,0.785610090470098,0.00909582305754462,0.00203388786679798,0.16885,0.0420091155521465,0.00939352380492431,6000,0,0,20
20,20,1,73.7,0.801314709186032,0.179179416111044,100,0,0,10574.9715789474,15.3895824787452,3.4412152567814,0.773404255319149,0.00852462456580885,0.00190616400118132,0.909053426787662,0.00169657940385825,0.000379366687625311,0.773404255319149,0.00852462456580885,0.00190616400118132,0.159699999999999,0.023835179661031,0.00532970819779858,6000,0,0,20
20,40,0,55.5,4.12310562561766,0.921954445729289,97.4358974358974,0,0,9885.15128205128,4.19087624701271,0.937108417360963,0.579787234042553,0.0438628258044432,0.00980802601839669,0.956374920858044,0.000474689599827769,0.000106143821342706,0.956374920858044,0.000474689599827769,0.000106143821342706,0.359750000000001,0.0480393205175674,0.0107419186270181,6000,0,0,20
20,40,0.1,63.35,1.38696943388321,0.310135793687726,97.4358974358974,0,0,9898.96102564103,11.1577190787971,2.49494183340366,0.663297872340425,0.014754993977481,0.00329931695412475,0.954810727292793,0.00126380567984561,0.000282595541048512,0.925659441797557,0.00151414110171332,0.000338572243095742,0.358750000000001,0.0472695239529319,0.010569786882281,6000,0,0,20
20,40,0.2,63.65,0.875093979915421,0.195676962579172,97.4358974358974,0,0,9898.96923076923,12.7159362388407,2.84336978276007,0.666489361702128,0.00930951042463216,0.00208166981467204,0.954809797919365,0.00144030086523153,0.000322061064270946,0.897145710675918,0.00223070610912822,0.000498801049783477,0.368,0.0593269265218272,0.0132659040598941,6000,0,0,20
20,40,0.3,63.8,0.833508753466491,0.186378223259219,97.4358974358974,0,0,9900.56256410256,14.8584969259095,3.32246091698053,0.668085106382979,0.0088671143985797,0.00198274705594914,0.954629325216805,0.00168298311476737,0.000376326464960416,0.868666059566657,0.00271979448136438,0.000608164534515954,0.36175,0.0614207876691178,0.0137341056459728,6000,0,0,20
20,40,0.4,63.45,0.998683343734455,0.223312384458703,97.4358974358974,0,0,9909.72102564103,12.7620731664409,2.85368631339878,0.66436170212766,0.0106242908907921,0.00237566366445429,0.953591970213582,0.00144552667444395,0.000323229590734589,0.837899862979213,0.00457097363951048,0.0010221007781305,0.317299999999999,0.195350723733384,0.0436817497721628,6000,0,0,20
20,40,0.5,64.05,0.887041208323017,0.198348444065382,97.4358974358974,0,0,9901.14205128205,14.7980424568837,3.30894288675199,0.670744680851064,0.00943660859918105,0.00211008983048279,0.954563688218449,0.00167613559505592,0.000374795313005211,0.812654184534757,0.00490977918971614,0.00109786000227191,0.367950000000002,0.0533996599634383,0.0119405269653622,6000,0,0,20
20,40,0.6,63.5,0.888523316638639,0.198679853559757,97.4358974358974,0,0,9907.81307692308,11.9782891220329,2.67842687310118,0.664893617021277,0.00945237570892171,0.00211361546340167,0.953808078578523,0.00135674950411911,0.000303378411964945,0.780459401644175,0.00579321448330838,0.00129540213929139,0.366100000000001,0.0470396249537507,0.0105183799032682,6000,0,0,20
20,40,0.7,63.85,0.875093979915421,0.195676962579172,97.4358974358974,0,0,9904.30820512821,17.6805921742212,3.95350059840093,0.668617021276596,0.00930951042463215,0.00208166981467204,0.9542050662469,0.00200263446812141,0.00044780268048036,0.754293434767687,0.00649867048249854,0.00145314689622381,0.371499999999999,0.0675000974658153,0.0150934806421424,6000,0,0,20
20,40,0.8,63.7,0.923380516876639,0.206474160483506,97.4358974358974,0,0,9901.69128205128,11.9936603436586,2.68186398274642,0.667021276595745,0.00982319698804936,0.00219653362216496,0.954501478284609,0.00135849056222066,0.00030376772439173,0.724517316933518,0.00789838853378668,0.00176613336742519,0.384750000000001,0.0720327958933334,0.0161070228226861,6000,0,0,20
20,40,0.9,64.3,0.864504725870618,0.193309133391652,97.4358974358974,0,0,9901.39615384615,15.3164604491599,3.42486467390085,0.673404255319149,0.00919685878585763,0.00205648014246439,0.954534906685099,0.00173485544617836,0.000387925470879054,0.701517320455744,0.00834158574762736,0.00186523527718382,0.36965,0.0670186737527606,0.0149858310273054,6000,0,0,20
20,40,1,63.8,1.28144655103437,0.286540159764552,97.4358974358974,0,0,9905.36076923077,13.1315805456373,2.93631067520589,0.668085106382979,0.013632410117387,0.00304829957196332,0.954085845061832,0.0014873798095942,0.000332588236261332,0.668085106382979,0.013632410117387,0.00304829957196332,0.36195,0.0521329020263047,0.0116572712795154,6000,0,0,20
20,60,0,51.8,3.88790296608393,0.869361532208672,96.6101694915254,0,0,9674.28870056497,4.87686167017826,1.09049942113818,0.540425531914894,0.0413606698519567,0.00924852693839013,0.970882466117103,0.000557314596776447,0.000124619332324502,0.970882466117103,0.000557314596776447,0.000124619332324502,0.558599999999999,0.237492249181006,0.0531048813298048,6000,0,0,20
20,60,0.1,58.7,1.1742858972248,0.262578309121398,96.6101694915254,0,0,9684.98463276836,7.13220889595685,1.59481039210883,0.613829787234043,0.012492403161966,0.00279338626724892,0.969660163836205,0.000815049594144079,0.000182250629753977,0.934077126175989,0.00152818678162129,0.000341712952602184,0.6098,0.0908246430737481,0.0203090075945056,6000,0,0,20
20,60,0.2,58.75,0.786397515657049,0.175843830234612,96.6101694915254,0,0,9688.85604519774,8.18696522566324,1.83066107740099,0.61436170212766,0.00836593101762815,0.00187067904504905,0.969217749266559,0.000935584302393482,0.000209203009883354,0.898246539838779,0.00198436105973062,0.000443716622146119,0.562749999999999,0.195569579756966,0.0437306874667644,6000,0,0,20
20,60,0.3,58.95,0.944513241388333,0.211199581339298,96.6101694915254,0,0,9695.83073446328,8.45429195459346,1.89043715121005,0.616489361702128,0.0100480132062588,0.00224680405680104,0.968420700590885,0.000966133679886047,0.000216034058357722,0.862841298924258,0.00265793747834264,0.000594332888151852,0.558050000000001,0.2218801181767,0.0496139027098787,6000,0,0,20
20,60,0.4,59.05,1.27630222456166,0.285389853395408,96.6101694915254,0,0,9692.79762711864,13.4401190967905,3.00530199261166,0.617553191489362,0.0135776832400177,0.00303606227016391,0.968767315916698,0.00153590055688036,0.000343437805186426,0.828281666145763,0.00558979404771891,0.00124991594709232,0.615649999999999,0.0881023776487803,0.0197002905402031,6000,0,0,20
20,60,0.5,59,0.858395075278952,0.191942973987479,96.6101694915254,0,0,9686.74248587571,10.6015187076045,2.37057164949393,0.617021276595745,0.00913186250296756,0.00204194653178168,0.969459281124747,0.00121151296127097,0.000270902533702397,0.793240278860246,0.0047766204465618,0.00106808480212276,0.6164,0.091123629150038,0.0203758629135966,6000,0,0,20
20,60,0.6,59.05,0.825577947481897,0.184604841129427,96.6101694915254,0,0,9689.90881355932,9.28233092190164,2.07559229310203,0.617553191489362,0.0087827441221478,0.00196388128861092,0.969097441737945,0.0010607597395101,0.000237193088533955,0.758170891588795,0.00526141144380787,0.00117648736459497,0.621300000000001,0.0828169191968845,0.0185184261011341,6000,0,0,20
20,60,0.7,58.7,0.864504725870618,0.193309133391652,96.6101694915254,0,0,9691.30271186441,9.71311955829059,2.17191956059205,0.613829787234043,0.00919685878585763,0.00205648014246438,0.968938150799554,0.00110998910286341,0.000248201108828659,0.720362296303696,0.00631701788675233,0.00141252814098603,0.627049999999998,0.100718197279129,0.0225212735687368,6000,0,0,20
20,60,0.8,58.95,0.944513241388333,0.211199581339298,96.6101694915254,0,0,9689.60429378531,8.93232690524122,1.99732901573697,0.616489361702128,0.0100480132062588,0.00224680405680104,0.969132241436304,0.00102076222459022,0.000228249372304764,0.687017937648963,0.00800188091935417,0.00178927496835344,0.626499999999999,0.109792867182756,0.0245504314465249,6000,0,0,20
20,60,0.9,59.1,0.911909506128991,0.203909164503269,96.6101694915254,0,0,9695.70406779661,12.0935815005634,2.70420703266936,0.618085106382979,0.00970116495881903,0.00216924643088583,0.96843517571588,0.00138202187254641,0.000309029485340532,0.653120113316269,0.00871688276475274,0.00194915424138834,0.567450000000001,0.256453643087073,0.0573447779020163,6000,0,0,20
20,60,1,59.1,1.0711528467276,0.239517057957532,96.6101694915254,0,0,9697.41480225989,15.8167470574727,3.53673216034286,0.618085106382979,0.0113952430502936,0.00254805380805884,0.968239677595967,0.00180749518948897,0.00040416821127012,0.618085106382979,0.0113952430502936,0.00254805380805884,0.561200000000002,0.256844331310458,0.0574321384445661,6000,0,0,20
20,80,0,48,3.59824518634468,0.804592083637809,96.2025316455696,0,0,9568.8453164557,3.61718387616027,0.808826903421055,0.5,0.0382792041100497,0.00855949025146606,0.978294796428084,0.000415189545514408,9.28392047317459e-05,0.978294796428084,0.000415189545514408,9.28392047317459e-05,0.790250000000001,0.341074906883024,0.0762666677209853,6000,0,0,20
20,80,0.1,55.1,1.02083557106808,0.228265773075805,96.2025316455696,0,0,9579.68151898734,4.85703493073065,1.08606602742047,0.575531914893617,0.010859952883703,0.00242835928804047,0.97705098959983,0.000557502796230077,0.000124661415001666,0.936899082129209,0.00113765223068474,0.000254386772256535,0.843800000000001,0.254398485596289,0.0568852307166303,6000,0,0,20
20,80,0.2,55.75,0.850696309223401,0.190221477563171,96.2025316455696,0,0,9585.86025316456,8.49961229132178,1.90057108657882,0.582446808510638,0.00904996073641913,0.00202363274003372,0.976341778809691,0.000975607070334699,0.000218152372859781,0.89756278474988,0.00201564473843967,0.000450711865364088,0.889899999999999,0.122559502197697,0.0274051378202586,6000,0,0,20
20,80,0.3,55.65,0.875093979915421,0.195676962579172,96.2025316455696,0,0,9584.55303797468,7.07877995940404,1.58286331869906,0.581382978723404,0.00930951042463213,0.00208166981467204,0.976491824286823,0.000812520329284817,0.000181685068938136,0.857959170617797,0.00290746740157511,0.000650129475228662,0.855500000000001,0.208922171356252,0.046716417715944,6000,0,0,20
20,80,0.4,55.65,0.93330200448673,0.208692672556914,96.2025316455696,0,0,9582.95772151899,7.06453106871022,1.57967716987953,0.581382978723404,0.00992874472858222,0.00222013481443525,0.976674938758431,0.000810884805448105,0.000181319354690365,0.81855815474442,0.00413202854602652,0.000923949671388491,0.8661,0.209090486581641,0.0467540541445057,6000,0,0,20
20,80,0.5,55.9,0.85224162622679,0.190567020949807,96.2025316455696,0,0,9582.87544303797,8.67406072492479,1.93957894218929,0.584042553191489,0.0090664002790084,0.00202730873350858,0.9766843828913,0.000995630704283944,0.000222629793526489,0.780363468041394,0.00445717397581773,0.000996654399747144,0.904900000000001,0.134526812040928,0.0300811096519852,6000,0,0,20
20,80,0.6,55.95,0.68633274115326,0.153468666440246,96.2025316455696,0,0,9583.67860759494,7.80225616893606,1.74463751716081,0.584574468085106,0.00730141213992828,0.00163264538766218,0.976592193625065,0.000895562764756751,0.000200253922011375,0.74138155830109,0.00447009063324771,0.000999542652152696,0.90545,0.125632494539472,0.0280922797973131,6000,0,0,20
20,80,0.7,55.85,0.812727700887249,0.1817314386381,96.2025316455696,0,0,9587.83094936709,10.628840568373,2.37668100328896,0.583510638297872,0.00864603937114093,0.00193331317700107,0.976115577298048,0.00122000529583597,0.000272801477439897,0.701292119997925,0.00610234174261184,0.00136452509584146,0.924949999999999,0.139754851153912,0.0312501347365513,6000,0,0,20
20,80,0.8,55.8,0.615587011251092,0.137649440322337,96.2025316455696,0,0,9581.08594936709,5.25418958719136,1.17487250836314,0.582978723404255,0.00654879799203287,0.00146435574810996,0.976889785516478,0.000603089215654758,0.000134854848270107,0.6617609358267,0.00521979868285645,0.00116718246837309,0.934949999999999,0.132305656878703,0.0295844442588543,6000,0,0,20
20,80,0.9,55.8,1.28144655103437,0.286540159764552,96.2025316455696,0,0,9585.84835443038,7.04825824275561,1.57603845537748,0.582978723404255,0.013632410117387,0.00304829957196331,0.976343144576598,0.000809016969185533,0.00018090169380497,0.62231516552149,0.0122831074064269,0.00274658631357017,0.8694,0.285378124046344,0.0638124884658993,6000,0,0,20
20,80,1,55.85,0.988086934168084,0.22094295524792,96.2025316455696,0,0,9589.53018987342,8.6967700850108,1.94465690947708,0.583510638297872,0.0105115631294477,0.00235045697072255,0.975920534160155,0.00099823734226969,0.000223212655499375,0.583510638297872,0.0105115631294477,0.00235045697072255,0.804199999999999,0.346681349216736,0.0775203063379965,6000,0,0,20
20,100,0,47.15,3.88350086228501,0.868377191874833,95.959595959596,0,0,9506.59478787879,3.42578910468077,0.766029731464435,0.490957446808511,0.0413138389604788,0.00923805523271099,0.982675658081346,0.000394259569978417,8.81591199251576e-05,0.982675658081346,0.000394259569978417,8.81591199251576e-05,1.12825,0.376773822283203,0.0842491878767666,6000,0,0,20
20,100,0.1,52.8,0.894427190999916,0.2,95.959595959596,0,0,9517.71636363636,5.00184750706537,1.1184471038886,0.551063829787234,0.00951518288297784,0.00212765957446809,0.981395722994369,0.000575641461565393,0.000128717343872755,0.938362533673655,0.000930948216472347,0.000208166349556436,1.23085,0.186538347969414,0.0417112426470119,6000,0,0,20
20,100,0.2,53.65,0.875093979915421,0.195676962579172,95.959595959596,0,0,9522.9682020202,9.45912840945261,2.11512541314355,0.560106382978723,0.00930951042463214,0.00208166981467204,0.980791311140767,0.00108861105722646,0.000243420832501628,0.896654325508359,0.00199708100288356,0.00044656088790211,1.18485,0.23786733918853,0.0531887540052554,6000,0,0,20
20,100,0.3,53.25,0.910465468000326,0.203586267761489,95.959595959596,0,0,9520.50404040404,6.75774068262459,1.51107675406644,0.555851063829787,0.00968580285106731,0.00216581135916478,0.981074901072739,0.000777719776128939,0.000173903428687023,0.853507749899853,0.00294361741852262,0.000658212864756903,1.1892,0.232752545353258,0.0520450513345987,6000,0,0,20
20,100,0.4,53.55,0.68633274115326,0.153468666440246,95.959595959596,0,0,9519.77301010101,7.04464974701007,1.57523157119912,0.559042553191489,0.00730141213992829,0.00163264538766219,0.981159032256565,0.000810738926138192,0.000181286735085018,0.812312440630534,0.00289522805899801,0.000647392675028432,1.24395,0.172076933528674,0.0384775720729827,6000,0,0,20
20,100,0.5,53.5,1,0.223606797749979,95.959595959596,0,0,9520.81826262626,7.6026300318975,1.69999975591042,0.558510638297872,0.0106382978723404,0.00237879572074446,0.981038738566985,0.000874954515730543,0.00019564577743939,0.769774688432428,0.00536849319091579,0.00120043157116325,1.2548,0.179714276151429,0.0401853338001765,6000,0,0,20
20,100,0.6,53.55,0.604805318829299,0.135238580605575,95.959595959596,0,0,9519.20690909091,7.09872663533354,1.58732353102942,0.559042553191489,0.0064340991364819,0.00143870830431462,0.981224182426054,0.000816962406359736,0.000182678347568218,0.727915204885315,0.00382723773240018,0.000855796373569895,1.2546,0.174202664793201,0.0389529000339207,6000,0,0,20
20,100,0.7,53.4,0.99472291830968,0.222426806411741,95.959595959596,0,0,9521.84545454546,6.30766245839146,1.41043620360868,0.557446808510638,0.0105821587054221,0.00236624262140151,0.980920523396123,0.000725922178051355,0.000162321133649753,0.684488922976284,0.00743007510560127,0.00166141530140534,1.26125,0.189322024464584,0.0423336916340689,6000,0,0,20
20,100,0.8,53.8,0.894427190999916,0.2,95.959595959596,0,0,9523.11527272727,8.22715253351914,1.83964723262084,0.561702127659575,0.00951518288297784,0.00212765957446809,0.9807743853955,0.000946828167437468,0.000211717214540173,0.64551657920676,0.00759918700252874,0.00169922987113871,1.25825,0.185370432832264,0.0414500888831501,6000,0,0,20
20,100,0.9,53.4,0.820782681668123,0.183532587096449,95.959595959596,0,0,9520.9263030303,8.25103826121907,1.84498824370375,0.557446808510638,0.00873173065604387,0.00195247433081329,0.981026304654115,0.000949577074753082,0.000212331888902329,0.599804758124986,0.00784956764154133,0.00175521668404691,1.19735,0.325256866103343,0.0727296462755623,6000,0,0,20
20,100,1,53.75,0.850696309223401,0.190221477563171,95.959595959596,0,0,9524.17777777778,7.2975667960747,1.63178554263684,0.561170212765957,0.00904996073641917,0.00202363274003373,0.980652106185802,0.000839846078959767,0.000187795292319069,0.561170212765957,0.00904996073641917,0.00202363274003373,1.1348,0.373264207259485,0.0834644140999778,6000,0,0,20
