"scenario","gamma","omega","method","method_label","step","metric","n","mean","sd","se","ci_low","ci_high","method_label_paper","total_evaluated"
"g100_w050",1,0.5,"fsa_lambda05","FSA-KD lambda=0.5",0,"standardized_regret",30,1.52451188228057,0.375318698256066,0.068523505762774,1.38436557711169,1.66465818744945,"FSA-KD",20
"g100_w050",1,0.5,"fsa_lambda05","FSA-KD lambda=0.5",1,"standardized_regret",30,1.13241953113338,0.487438677046556,0.0889937196062914,0.950406937830951,1.31443212443582,"FSA-KD",21
"g100_w050",1,0.5,"fsa_lambda05","FSA-KD lambda=0.5",2,"standardized_regret",30,0.937847889792869,0.43317441315657,0.0790864658066386,0.776097905633617,1.09959787395212,"FSA-KD",22
"g100_w050",1,0.5,"fsa_lambda05","FSA-KD lambda=0.5",3,"standardized_regret",30,0.863275503118314,0.379465525821094,0.0692806094292575,0.721580747088578,1.00497025914805,"FSA-KD",23
"g100_w050",1,0.5,"fsa_lambda05","FSA-KD lambda=0.5",4,"standardized_regret",30,0.738436094034347,0.28990628178517,0.0529294033653955,0.630183309331041,0.846688878737652,"FSA-KD",24
"g100_w050",1,0.5,"fsa_lambda05","FSA-KD lambda=0.5",5,"standardized_regret",30,0.691650604097099,0.284396804708006,0.0519235150736555,0.585455091944735,0.797846116249463,"FSA-KD",25
"g100_w050",1,0.5,"fsa_lambda05","FSA-KD lambda=0.5",6,"standardized_regret",30,0.639994281590572,0.327731893828794,0.0598353836879729,0.517617181223546,0.762371381957598,"FSA-KD",26
"g100_w050",1,0.5,"fsa_lambda05","FSA-KD lambda=0.5",7,"standardized_regret",30,0.596557618713648,0.342814008055603,0.0625889884136038,0.468548764339045,0.724566473088251,"FSA-KD",27
"g100_w050",1,0.5,"fsa_lambda05","FSA-KD lambda=0.5",8,"standardized_regret",30,0.582212383485321,0.347750021363416,0.0634901770245488,0.452360391450461,0.712064375520181,"FSA-KD",28
"g100_w050",1,0.5,"fsa_lambda05","FSA-KD lambda=0.5",9,"standardized_regret",30,0.544998311175877,0.338336412993077,0.061771495140564,0.418661418275539,0.671335204076215,"FSA-KD",29
"g100_w050",1,0.5,"fsa_lambda05","FSA-KD lambda=0.5",10,"standardized_regret",30,0.511130559303295,0.33271636210504,0.0607454189253291,0.386892227893443,0.635368890713147,"FSA-KD",30
"g100_w050",1,0.5,"fsa_lambda05","FSA-KD lambda=0.5",11,"standardized_regret",30,0.491740312749481,0.313780941361291,0.057288299899595,0.374572583647442,0.608908041851521,"FSA-KD",31
"g100_w050",1,0.5,"fsa_lambda05","FSA-KD lambda=0.5",12,"standardized_regret",30,0.461863214488532,0.315237988031248,0.057554319009086,0.344151415218388,0.579575013758676,"FSA-KD",32
"g100_w050",1,0.5,"fsa_lambda05","FSA-KD lambda=0.5",13,"standardized_regret",30,0.443944519252662,0.307926148206317,0.0562193658060929,0.328963005844139,0.558926032661184,"FSA-KD",33
"g100_w050",1,0.5,"fsa_lambda05","FSA-KD lambda=0.5",14,"standardized_regret",30,0.429760264822222,0.308234529873154,0.0562756683378422,0.314663599806839,0.544856929837606,"FSA-KD",34
"g100_w050",1,0.5,"fsa_lambda05","FSA-KD lambda=0.5",15,"standardized_regret",30,0.419868877387485,0.305519672818741,0.0557800055214741,0.30578595665664,0.53395179811833,"FSA-KD",35
"g100_w050",1,0.5,"fsa_lambda05","FSA-KD lambda=0.5",16,"standardized_regret",30,0.412035603860671,0.300024420521638,0.0547767143073723,0.300004644060599,0.524066563660744,"FSA-KD",36
"g100_w050",1,0.5,"fsa_lambda05","FSA-KD lambda=0.5",17,"standardized_regret",30,0.406503971186708,0.300696046818092,0.0548993359316328,0.294222222005931,0.518785720367484,"FSA-KD",37
"g100_w050",1,0.5,"fsa_lambda05","FSA-KD lambda=0.5",18,"standardized_regret",30,0.40409481813979,0.295178738163257,0.0538920177959756,0.293873265869118,0.514316370410463,"FSA-KD",38
"g100_w050",1,0.5,"fsa_lambda05","FSA-KD lambda=0.5",19,"standardized_regret",30,0.40144732517646,0.29461769937116,0.0537895865952866,0.291435268233716,0.511459382119204,"FSA-KD",39
"g100_w050",1,0.5,"fsa_lambda05","FSA-KD lambda=0.5",20,"standardized_regret",30,0.391080123414775,0.28388776282908,0.0518305771670545,0.285074690623869,0.497085556205681,"FSA-KD",40
"g100_w050",1,0.5,"fsa_lambda05","FSA-KD lambda=0.5",21,"standardized_regret",30,0.373772836493925,0.262480911371796,0.047922238690949,0.275760853405837,0.471784819582012,"FSA-KD",41
"g100_w050",1,0.5,"fsa_lambda05","FSA-KD lambda=0.5",22,"standardized_regret",30,0.369732549518083,0.262009237058824,0.0478361231372788,0.27189669251301,0.467568406523156,"FSA-KD",42
"g100_w050",1,0.5,"fsa_lambda05","FSA-KD lambda=0.5",23,"standardized_regret",30,0.369732549518083,0.262009237058824,0.0478361231372788,0.27189669251301,0.467568406523156,"FSA-KD",43
"g100_w050",1,0.5,"fsa_lambda05","FSA-KD lambda=0.5",24,"standardized_regret",30,0.360787945867009,0.257352546093276,0.0469859315755584,0.264690925845458,0.45688496588856,"FSA-KD",44
"g100_w050",1,0.5,"fsa_lambda05","FSA-KD lambda=0.5",25,"standardized_regret",30,0.359931160173006,0.257071324436335,0.0469345877605032,0.263939150043946,0.455923170302066,"FSA-KD",45
"g100_w050",1,0.5,"fsa_lambda05","FSA-KD lambda=0.5",26,"standardized_regret",30,0.354414205904494,0.257311181956562,0.0469783795519752,0.258332631505433,0.450495780303554,"FSA-KD",46
"g100_w050",1,0.5,"fsa_lambda05","FSA-KD lambda=0.5",27,"standardized_regret",30,0.332104238732115,0.25369999362532,0.0463190697825015,0.23737110421693,0.4268373732473,"FSA-KD",47
"g100_w050",1,0.5,"fsa_lambda05","FSA-KD lambda=0.5",28,"standardized_regret",30,0.318378974700708,0.235057311198516,0.0429153972166464,0.230607132209324,0.406150817192093,"FSA-KD",48
"g100_w050",1,0.5,"fsa_lambda05","FSA-KD lambda=0.5",29,"standardized_regret",30,0.29575651819404,0.205100124471359,0.0374459882400269,0.219170873066585,0.372342163321496,"FSA-KD",49
"g100_w050",1,0.5,"fsa_lambda05","FSA-KD lambda=0.5",30,"standardized_regret",30,0.29260773223611,0.207439112971434,0.0378730271611057,0.21514869444892,0.3700667700233,"FSA-KD",50
"g100_w050",1,0.5,"fsa_lambda05","FSA-KD lambda=0.5",31,"standardized_regret",30,0.291572144000739,0.206673535285038,0.0377332524383184,0.214398977619814,0.368745310381664,"FSA-KD",51
"g100_w050",1,0.5,"fsa_lambda05","FSA-KD lambda=0.5",32,"standardized_regret",30,0.287291183456095,0.20497807533078,0.0374237052175538,0.210751112226718,0.363831254685472,"FSA-KD",52
"g100_w050",1,0.5,"fsa_lambda05","FSA-KD lambda=0.5",33,"standardized_regret",30,0.272195237983811,0.19824725678112,0.0361948315008462,0.198168495706282,0.346221980261341,"FSA-KD",53
"g100_w050",1,0.5,"fsa_lambda05","FSA-KD lambda=0.5",34,"standardized_regret",30,0.259994246093435,0.190818645933298,0.0348385589234195,0.188741392694071,0.3312470994928,"FSA-KD",54
"g100_w050",1,0.5,"fsa_lambda05","FSA-KD lambda=0.5",35,"standardized_regret",30,0.259994246093435,0.190818645933298,0.0348385589234195,0.188741392694071,0.3312470994928,"FSA-KD",55
"g100_w050",1,0.5,"fsa_lambda05","FSA-KD lambda=0.5",36,"standardized_regret",30,0.241050614480633,0.160226008470484,0.0292531330460993,0.181221239649499,0.300879989311767,"FSA-KD",56
"g100_w050",1,0.5,"fsa_lambda05","FSA-KD lambda=0.5",37,"standardized_regret",30,0.229166034378262,0.151772914301456,0.027709816260402,0.172493096784437,0.285838971972087,"FSA-KD",57
"g100_w050",1,0.5,"fsa_lambda05","FSA-KD lambda=0.5",38,"standardized_regret",30,0.229166034378262,0.151772914301456,0.027709816260402,0.172493096784437,0.285838971972087,"FSA-KD",58
"g100_w050",1,0.5,"fsa_lambda05","FSA-KD lambda=0.5",39,"standardized_regret",30,0.229166034378262,0.151772914301456,0.027709816260402,0.172493096784437,0.285838971972087,"FSA-KD",59
"g100_w050",1,0.5,"fsa_lambda05","FSA-KD lambda=0.5",40,"standardized_regret",30,0.222503106764567,0.143853517661801,0.026263938866612,0.168787320475411,0.276218893053723,"FSA-KD",60
"g100_w050",1,0.5,"unrestricted_hamming","Unrestricted Hamming maximin",0,"standardized_regret",30,1.56834199289092,0.401269638948568,0.0732614776313615,1.41850544721282,1.71817853856902,"Hamming",20
"g100_w050",1,0.5,"unrestricted_hamming","Unrestricted Hamming maximin",1,"standardized_regret",30,1.24683865002978,0.41007173681866,0.0748685134836339,1.09371534699064,1.39996195306892,"Hamming",21
"g100_w050",1,0.5,"unrestricted_hamming","Unrestricted Hamming maximin",2,"standardized_regret",30,1.13181832194334,0.443629642274164,0.0809953207505023,0.966164291070368,1.29747235281631,"Hamming",22
"g100_w050",1,0.5,"unrestricted_hamming","Unrestricted Hamming maximin",3,"standardized_regret",30,1.04107664578705,0.406945304376696,0.074297707625974,0.889120771807901,1.1930325197662,"Hamming",23
"g100_w050",1,0.5,"unrestricted_hamming","Unrestricted Hamming maximin",4,"standardized_regret",30,0.964692219739009,0.418594302226172,0.0764245139241365,0.808386538475782,1.12099790100224,"Hamming",24
"g100_w050",1,0.5,"unrestricted_hamming","Unrestricted Hamming maximin",5,"standardized_regret",30,0.916017329807887,0.419484975567357,0.0765871278842482,0.759379065653214,1.07265559396256,"Hamming",25
"g100_w050",1,0.5,"unrestricted_hamming","Unrestricted Hamming maximin",6,"standardized_regret",30,0.857811763087735,0.426439461180812,0.0778568374330265,0.698576651327002,1.01704687484847,"Hamming",26
"g100_w050",1,0.5,"unrestricted_hamming","Unrestricted Hamming maximin",7,"standardized_regret",30,0.79358580822992,0.416989511050531,0.0761315204818086,0.637879365839892,0.949292250619948,"Hamming",27
"g100_w050",1,0.5,"unrestricted_hamming","Unrestricted Hamming maximin",8,"standardized_regret",30,0.774007163242679,0.4242014373885,0.0774482320612655,0.615607743300206,0.932406583185151,"Hamming",28
"g100_w050",1,0.5,"unrestricted_hamming","Unrestricted Hamming maximin",9,"standardized_regret",30,0.763447671992049,0.426398593731563,0.0778493760917527,0.604227820387659,0.922667523596438,"Hamming",29
"g100_w050",1,0.5,"unrestricted_hamming","Unrestricted Hamming maximin",10,"standardized_regret",30,0.694558025336222,0.38146530009172,0.0696457165885708,0.552116541321703,0.83699950935074,"Hamming",30
"g100_w050",1,0.5,"unrestricted_hamming","Unrestricted Hamming maximin",11,"standardized_regret",30,0.670044712553221,0.385903548677014,0.0704560262105645,0.525945959280496,0.814143465825946,"Hamming",31
"g100_w050",1,0.5,"unrestricted_hamming","Unrestricted Hamming maximin",12,"standardized_regret",30,0.632127250149092,0.336388182565644,0.0614157985564565,0.506517838446176,0.757736661852008,"Hamming",32
"g100_w050",1,0.5,"unrestricted_hamming","Unrestricted Hamming maximin",13,"standardized_regret",30,0.606944796145587,0.306253182605997,0.0559139254736845,0.492587978358809,0.721301613932366,"Hamming",33
"g100_w050",1,0.5,"unrestricted_hamming","Unrestricted Hamming maximin",14,"standardized_regret",30,0.602845845240288,0.298839867901913,0.0545604455772472,0.491257204657734,0.714434485822842,"Hamming",34
"g100_w050",1,0.5,"unrestricted_hamming","Unrestricted Hamming maximin",15,"standardized_regret",30,0.569454899107133,0.282192232334845,0.051521017067511,0.464082587807834,0.674827210406431,"Hamming",35
"g100_w050",1,0.5,"unrestricted_hamming","Unrestricted Hamming maximin",16,"standardized_regret",30,0.551445105879246,0.286338822763655,0.0522780774390426,0.444524432267207,0.658365779491285,"Hamming",36
"g100_w050",1,0.5,"unrestricted_hamming","Unrestricted Hamming maximin",17,"standardized_regret",30,0.527157542728407,0.271659524262179,0.0495980164665058,0.425718209260123,0.62859687619669,"Hamming",37
"g100_w050",1,0.5,"unrestricted_hamming","Unrestricted Hamming maximin",18,"standardized_regret",30,0.52104933008751,0.267967759540591,0.0489239955281672,0.420988524221735,0.621110135953286,"Hamming",38
"g100_w050",1,0.5,"unrestricted_hamming","Unrestricted Hamming maximin",19,"standardized_regret",30,0.514655208173291,0.268143948010038,0.0489561629945302,0.414528612451797,0.614781803894784,"Hamming",39
"g100_w050",1,0.5,"unrestricted_hamming","Unrestricted Hamming maximin",20,"standardized_regret",30,0.498225306650655,0.274146927014108,0.0500521519987832,0.395857161730212,0.600593451571098,"Hamming",40
"g100_w050",1,0.5,"unrestricted_hamming","Unrestricted Hamming maximin",21,"standardized_regret",30,0.494671742285791,0.274520640135426,0.0501203823676437,0.392164050592461,0.597179433979121,"Hamming",41
"g100_w050",1,0.5,"unrestricted_hamming","Unrestricted Hamming maximin",22,"standardized_regret",30,0.48314921176904,0.273051223060158,0.0498521047414744,0.381190209429072,0.585108214109008,"Hamming",42
"g100_w050",1,0.5,"unrestricted_hamming","Unrestricted Hamming maximin",23,"standardized_regret",30,0.476336129746222,0.274670780067461,0.0501477940434963,0.373772374880897,0.578899884611546,"Hamming",43
"g100_w050",1,0.5,"unrestricted_hamming","Unrestricted Hamming maximin",24,"standardized_regret",30,0.470991371060778,0.266021681031566,0.0485686918288109,0.371657242852886,0.570325499268671,"Hamming",44
"g100_w050",1,0.5,"unrestricted_hamming","Unrestricted Hamming maximin",25,"standardized_regret",30,0.465121351868985,0.271478184264634,0.0495649084640947,0.363749731868624,0.566492971869345,"Hamming",45
"g100_w050",1,0.5,"unrestricted_hamming","Unrestricted Hamming maximin",26,"standardized_regret",30,0.463723513859954,0.268105621318507,0.0489491655300281,0.363611229560281,0.563835798159628,"Hamming",46
"g100_w050",1,0.5,"unrestricted_hamming","Unrestricted Hamming maximin",27,"standardized_regret",30,0.454798545807755,0.264437148594364,0.0482793971091595,0.356056091735806,0.553540999879704,"Hamming",47
"g100_w050",1,0.5,"unrestricted_hamming","Unrestricted Hamming maximin",28,"standardized_regret",30,0.445971523380412,0.258925322169234,0.0472730798871273,0.349287219120352,0.542655827640472,"Hamming",48
"g100_w050",1,0.5,"unrestricted_hamming","Unrestricted Hamming maximin",29,"standardized_regret",30,0.438155545142898,0.265056871803293,0.0483925425694728,0.339181682621643,0.537129407664152,"Hamming",49
"g100_w050",1,0.5,"unrestricted_hamming","Unrestricted Hamming maximin",30,"standardized_regret",30,0.424618967401714,0.275610426673278,0.050319349257526,0.321704342727393,0.527533592076034,"Hamming",50
"g100_w050",1,0.5,"unrestricted_hamming","Unrestricted Hamming maximin",31,"standardized_regret",30,0.414533853568975,0.27655416131908,0.0504916508421276,0.311266832586441,0.517800874551509,"Hamming",51
"g100_w050",1,0.5,"unrestricted_hamming","Unrestricted Hamming maximin",32,"standardized_regret",30,0.413828244658437,0.275175125393916,0.0502398744808535,0.31107616415317,0.516580325163705,"Hamming",52
"g100_w050",1,0.5,"unrestricted_hamming","Unrestricted Hamming maximin",33,"standardized_regret",30,0.405793017039849,0.265255500121931,0.048428806973032,0.306744985485481,0.504841048594217,"Hamming",53
"g100_w050",1,0.5,"unrestricted_hamming","Unrestricted Hamming maximin",34,"standardized_regret",30,0.391407308052635,0.25322772954464,0.0462328465524723,0.296850519843346,0.485964096261924,"Hamming",54
"g100_w050",1,0.5,"unrestricted_hamming","Unrestricted Hamming maximin",35,"standardized_regret",30,0.384197842940572,0.254093198379925,0.04639085882044,0.289317883357015,0.479077802524129,"Hamming",55
"g100_w050",1,0.5,"unrestricted_hamming","Unrestricted Hamming maximin",36,"standardized_regret",30,0.381949212086493,0.25543060706689,0.0466350351225914,0.286569855891869,0.477328568281117,"Hamming",56
"g100_w050",1,0.5,"unrestricted_hamming","Unrestricted Hamming maximin",37,"standardized_regret",30,0.377893198727439,0.255789392390577,0.0467005400609531,0.282379869891172,0.473406527563706,"Hamming",57
"g100_w050",1,0.5,"unrestricted_hamming","Unrestricted Hamming maximin",38,"standardized_regret",30,0.358351575141588,0.234747969168246,0.0428589193473252,0.270695242862663,0.446007907420512,"Hamming",58
"g100_w050",1,0.5,"unrestricted_hamming","Unrestricted Hamming maximin",39,"standardized_regret",30,0.356006895093379,0.228892839823352,0.0417899238742223,0.270536904043351,0.441476886143408,"Hamming",59
"g100_w050",1,0.5,"unrestricted_hamming","Unrestricted Hamming maximin",40,"standardized_regret",30,0.354183465246769,0.229779618177381,0.0419518267102252,0.268382345717401,0.439984584776136,"Hamming",60
"g100_w050",1,0.5,"unrestricted_position_l2","Unrestricted position-L2 maximin",0,"standardized_regret",30,1.51200333424848,0.3896819961287,0.0711458731777767,1.36649368550987,1.65751298298708,"L2",20
"g100_w050",1,0.5,"unrestricted_position_l2","Unrestricted position-L2 maximin",1,"standardized_regret",30,1.23944774546928,0.471766531726688,0.0861323904342279,1.06328722740545,1.41560826353311,"L2",21
"g100_w050",1,0.5,"unrestricted_position_l2","Unrestricted position-L2 maximin",2,"standardized_regret",30,1.06034828041381,0.48836301478541,0.0891624798163994,0.877990533727249,1.24270602710037,"L2",22
"g100_w050",1,0.5,"unrestricted_position_l2","Unrestricted position-L2 maximin",3,"standardized_regret",30,0.952148905446387,0.45105315886982,0.0823506632489872,0.78372288792027,1.1205749229725,"L2",23
"g100_w050",1,0.5,"unrestricted_position_l2","Unrestricted position-L2 maximin",4,"standardized_regret",30,0.900760856864727,0.453244492441034,0.0827507441916448,0.731516581935434,1.07000513179402,"L2",24
"g100_w050",1,0.5,"unrestricted_position_l2","Unrestricted position-L2 maximin",5,"standardized_regret",30,0.82043968789226,0.440308347995132,0.0803889381515894,0.656025848685057,0.984853527099463,"L2",25
"g100_w050",1,0.5,"unrestricted_position_l2","Unrestricted position-L2 maximin",6,"standardized_regret",30,0.740506208072422,0.395164873668976,0.0721469050807259,0.592949219213187,0.888063196931657,"L2",26
"g100_w050",1,0.5,"unrestricted_position_l2","Unrestricted position-L2 maximin",7,"standardized_regret",30,0.709443593811198,0.381934541434462,0.0697313879446821,0.566826892199679,0.852060295422717,"L2",27
"g100_w050",1,0.5,"unrestricted_position_l2","Unrestricted position-L2 maximin",8,"standardized_regret",30,0.66691537769038,0.379317108382036,0.0692535122361576,0.525276041643191,0.80855471373757,"L2",28
"g100_w050",1,0.5,"unrestricted_position_l2","Unrestricted position-L2 maximin",9,"standardized_regret",30,0.641014909917553,0.370863326157187,0.067710069829229,0.502532268031939,0.779497551803167,"L2",29
"g100_w050",1,0.5,"unrestricted_position_l2","Unrestricted position-L2 maximin",10,"standardized_regret",30,0.613973188262225,0.345981852580454,0.0631673550485805,0.484781441301747,0.743164935222703,"L2",30
"g100_w050",1,0.5,"unrestricted_position_l2","Unrestricted position-L2 maximin",11,"standardized_regret",30,0.598355162735676,0.337237610394572,0.0615708821507487,0.472428569468706,0.724281756002647,"L2",31
"g100_w050",1,0.5,"unrestricted_position_l2","Unrestricted position-L2 maximin",12,"standardized_regret",30,0.571194296271043,0.324238441955382,0.0591975695564307,0.450121672272019,0.692266920270068,"L2",32
"g100_w050",1,0.5,"unrestricted_position_l2","Unrestricted position-L2 maximin",13,"standardized_regret",30,0.552208859255019,0.308446723510379,0.056314409418398,0.437032959833315,0.667384758676724,"L2",33
"g100_w050",1,0.5,"unrestricted_position_l2","Unrestricted position-L2 maximin",14,"standardized_regret",30,0.536170893130757,0.305558573310704,0.0557871077471229,0.42207344671749,0.650268339544024,"L2",34
"g100_w050",1,0.5,"unrestricted_position_l2","Unrestricted position-L2 maximin",15,"standardized_regret",30,0.5062901466967,0.257924598623556,0.0470903736005291,0.409979518749795,0.602600774643606,"L2",35
"g100_w050",1,0.5,"unrestricted_position_l2","Unrestricted position-L2 maximin",16,"standardized_regret",30,0.501174086540756,0.25523191960096,0.0465987599202635,0.405868921465207,0.596479251616304,"L2",36
"g100_w050",1,0.5,"unrestricted_position_l2","Unrestricted position-L2 maximin",17,"standardized_regret",30,0.480178215478846,0.259392183229276,0.0473583166650625,0.383319582433953,0.577036848523739,"L2",37
"g100_w050",1,0.5,"unrestricted_position_l2","Unrestricted position-L2 maximin",18,"standardized_regret",30,0.473399167985561,0.253214455651995,0.0462304230823298,0.378847336329244,0.567950999641877,"L2",38
"g100_w050",1,0.5,"unrestricted_position_l2","Unrestricted position-L2 maximin",19,"standardized_regret",30,0.471497757855179,0.251177465860927,0.0458585213296712,0.377706550687361,0.565288965022998,"L2",39
"g100_w050",1,0.5,"unrestricted_position_l2","Unrestricted position-L2 maximin",20,"standardized_regret",30,0.471497757855179,0.251177465860927,0.0458585213296712,0.377706550687361,0.565288965022998,"L2",40
"g100_w050",1,0.5,"unrestricted_position_l2","Unrestricted position-L2 maximin",21,"standardized_regret",30,0.454279471427908,0.238613290538387,0.0435646272494696,0.365179804428831,0.543379138426986,"L2",41
"g100_w050",1,0.5,"unrestricted_position_l2","Unrestricted position-L2 maximin",22,"standardized_regret",30,0.44253375069628,0.233402957033017,0.0426133548517974,0.355379654202665,0.529687847189896,"L2",42
"g100_w050",1,0.5,"unrestricted_position_l2","Unrestricted position-L2 maximin",23,"standardized_regret",30,0.438387519491906,0.224863553292895,0.0410542801664278,0.354422088759107,0.522352950224704,"L2",43
"g100_w050",1,0.5,"unrestricted_position_l2","Unrestricted position-L2 maximin",24,"standardized_regret",30,0.421530832320988,0.22499411845488,0.0410781179945758,0.337516647755457,0.505545016886519,"L2",44
"g100_w050",1,0.5,"unrestricted_position_l2","Unrestricted position-L2 maximin",25,"standardized_regret",30,0.39942975054774,0.23573124288087,0.0430384397448606,0.311406257830409,0.487453243265071,"L2",45
"g100_w050",1,0.5,"unrestricted_position_l2","Unrestricted position-L2 maximin",26,"standardized_regret",30,0.39382291695178,0.240611138640907,0.0439293827402092,0.303977241210912,0.483668592692649,"L2",46
"g100_w050",1,0.5,"unrestricted_position_l2","Unrestricted position-L2 maximin",27,"standardized_regret",30,0.391134842350191,0.237726325769981,0.0434026903790135,0.302366373438725,0.479903311261657,"L2",47
"g100_w050",1,0.5,"unrestricted_position_l2","Unrestricted position-L2 maximin",28,"standardized_regret",30,0.383904042395114,0.238393452098633,0.0435244904253163,0.294886464418537,0.472921620371692,"L2",48
"g100_w050",1,0.5,"unrestricted_position_l2","Unrestricted position-L2 maximin",29,"standardized_regret",30,0.368688882047974,0.238466192942477,0.0435377710256579,0.279644142193912,0.457733621902036,"L2",49
"g100_w050",1,0.5,"unrestricted_position_l2","Unrestricted position-L2 maximin",30,"standardized_regret",30,0.357686351918964,0.233165920512359,0.0425700781020251,0.270620766316798,0.44475193752113,"L2",50
"g100_w050",1,0.5,"unrestricted_position_l2","Unrestricted position-L2 maximin",31,"standardized_regret",30,0.355363415406694,0.23566875672901,0.0430270313865587,0.26736325540193,0.443363575411458,"L2",51
"g100_w050",1,0.5,"unrestricted_position_l2","Unrestricted position-L2 maximin",32,"standardized_regret",30,0.354906018633451,0.235374805500365,0.0429733634803137,0.26701562182137,0.442796415445532,"L2",52
"g100_w050",1,0.5,"unrestricted_position_l2","Unrestricted position-L2 maximin",33,"standardized_regret",30,0.351569313030549,0.232907626943147,0.0425229203639199,0.264600175832212,0.438538450228886,"L2",53
"g100_w050",1,0.5,"unrestricted_position_l2","Unrestricted position-L2 maximin",34,"standardized_regret",30,0.351569313030549,0.232907626943147,0.0425229203639199,0.264600175832212,0.438538450228886,"L2",54
"g100_w050",1,0.5,"unrestricted_position_l2","Unrestricted position-L2 maximin",35,"standardized_regret",30,0.351248536428008,0.232775194563833,0.0424987416300884,0.264328850292813,0.438168222563204,"L2",55
"g100_w050",1,0.5,"unrestricted_position_l2","Unrestricted position-L2 maximin",36,"standardized_regret",30,0.334521638555867,0.231777030725653,0.0423165026800027,0.247974672923338,0.421068604188397,"L2",56
"g100_w050",1,0.5,"unrestricted_position_l2","Unrestricted position-L2 maximin",37,"standardized_regret",30,0.323068866592745,0.23162081171843,0.042287981121947,0.23658023409619,0.409557499089299,"L2",57
"g100_w050",1,0.5,"unrestricted_position_l2","Unrestricted position-L2 maximin",38,"standardized_regret",30,0.304425860184256,0.230476429606668,0.0420790464896079,0.21836454699103,0.390487173377482,"L2",58
"g100_w050",1,0.5,"unrestricted_position_l2","Unrestricted position-L2 maximin",39,"standardized_regret",30,0.292559011253468,0.231500934199785,0.0422660945815805,0.206115141758036,0.379002880748901,"L2",59
"g100_w050",1,0.5,"unrestricted_position_l2","Unrestricted position-L2 maximin",40,"standardized_regret",30,0.280670949111285,0.213098267481382,0.0389062426882743,0.201098748301217,0.360243149921352,"L2",60
"g100_w050",1,0.5,"srs","SRS",0,"standardized_regret",30,1.58888402690321,0.531791180736835,0.0970913418572904,1.39030993654224,1.78745811726418,"SRS",20
"g100_w050",1,0.5,"srs","SRS",1,"standardized_regret",30,1.35692210406372,0.488228643054004,0.0891379470069387,1.17461453260627,1.53922967552116,"SRS",21
"g100_w050",1,0.5,"srs","SRS",2,"standardized_regret",30,1.22854760359585,0.49633058166427,0.0906171518523936,1.0432147185417,1.41388048865001,"SRS",22
"g100_w050",1,0.5,"srs","SRS",3,"standardized_regret",30,1.11360770574416,0.512623090856846,0.0935917434534383,0.92219109777431,1.30502431371401,"SRS",23
"g100_w050",1,0.5,"srs","SRS",4,"standardized_regret",30,0.998899801284418,0.499857181814907,0.0912610180036619,0.812250062092123,1.18554954047671,"SRS",24
"g100_w050",1,0.5,"srs","SRS",5,"standardized_regret",30,0.917792386793109,0.398963832174656,0.0728404968369215,0.768816843514564,1.06676793007165,"SRS",25
"g100_w050",1,0.5,"srs","SRS",6,"standardized_regret",30,0.874439889654857,0.410271972387312,0.0749050713295558,0.721241817425585,1.02763796188413,"SRS",26
"g100_w050",1,0.5,"srs","SRS",7,"standardized_regret",30,0.798919163817167,0.445974292035207,0.0814233932716931,0.632389626334872,0.965448701299462,"SRS",27
"g100_w050",1,0.5,"srs","SRS",8,"standardized_regret",30,0.7859349625985,0.446124240433169,0.0814507699783683,0.619349433464208,0.952520491732791,"SRS",28
"g100_w050",1,0.5,"srs","SRS",9,"standardized_regret",30,0.758014834907468,0.435899039869809,0.0795839123105128,0.595247458413118,0.920782211401819,"SRS",29
"g100_w050",1,0.5,"srs","SRS",10,"standardized_regret",30,0.744195126652237,0.446046098812091,0.0814365033355202,0.577638776078793,0.910751477225682,"SRS",30
"g100_w050",1,0.5,"srs","SRS",11,"standardized_regret",30,0.678609244693886,0.405643604405106,0.0740600508134595,0.527139433472345,0.830079055915428,"SRS",31
"g100_w050",1,0.5,"srs","SRS",12,"standardized_regret",30,0.664925735716824,0.388146977186976,0.07086561834425,0.5199892724711,0.809862198962547,"SRS",32
"g100_w050",1,0.5,"srs","SRS",13,"standardized_regret",30,0.592584553966898,0.342017167655462,0.0624435059263076,0.464873244687725,0.720295863246072,"SRS",33
"g100_w050",1,0.5,"srs","SRS",14,"standardized_regret",30,0.563973147067148,0.326484827419053,0.0596077015535322,0.442061708950464,0.685884585183832,"SRS",34
"g100_w050",1,0.5,"srs","SRS",15,"standardized_regret",30,0.563019413469559,0.32598811514772,0.0595170147149992,0.441293450763195,0.684745376175924,"SRS",35
"g100_w050",1,0.5,"srs","SRS",16,"standardized_regret",30,0.542006876335926,0.317727890659614,0.0580089109542686,0.423365332144419,0.660648420527432,"SRS",36
"g100_w050",1,0.5,"srs","SRS",17,"standardized_regret",30,0.521410661108604,0.316271535964847,0.0577430181815844,0.40331292869742,0.639508393519788,"SRS",37
"g100_w050",1,0.5,"srs","SRS",18,"standardized_regret",30,0.504046733505348,0.308365790877098,0.0562996332087691,0.388901054825575,0.619192412185121,"SRS",38
"g100_w050",1,0.5,"srs","SRS",19,"standardized_regret",30,0.484848759105138,0.295928913991697,0.0540289805370862,0.374347086576478,0.595350431633797,"SRS",39
"g100_w050",1,0.5,"srs","SRS",20,"standardized_regret",30,0.477818741937019,0.295296143518361,0.0539134529830964,0.367553349786262,0.588084134087775,"SRS",40
"g100_w050",1,0.5,"srs","SRS",21,"standardized_regret",30,0.450468860803289,0.292577678296111,0.0534171314084231,0.341218560249084,0.559719161357494,"SRS",41
"g100_w050",1,0.5,"srs","SRS",22,"standardized_regret",30,0.431933524551989,0.301445738388129,0.0550362102596597,0.319371835938285,0.544495213165693,"SRS",42
"g100_w050",1,0.5,"srs","SRS",23,"standardized_regret",30,0.431933524551989,0.301445738388129,0.0550362102596597,0.319371835938285,0.544495213165693,"SRS",43
"g100_w050",1,0.5,"srs","SRS",24,"standardized_regret",30,0.424662447235648,0.285812072978628,0.0521819065259024,0.317938465225875,0.531386429245422,"SRS",44
"g100_w050",1,0.5,"srs","SRS",25,"standardized_regret",30,0.40373861422116,0.274272422215996,0.050075064183094,0.301323608622199,0.506153619820122,"SRS",45
"g100_w050",1,0.5,"srs","SRS",26,"standardized_regret",30,0.38633580629507,0.275317198487653,0.0502658133602716,0.283530674824732,0.489140937765407,"SRS",46
"g100_w050",1,0.5,"srs","SRS",27,"standardized_regret",30,0.38633580629507,0.275317198487653,0.0502658133602716,0.283530674824732,0.489140937765407,"SRS",47
"g100_w050",1,0.5,"srs","SRS",28,"standardized_regret",30,0.376819216719136,0.275526037812482,0.0503039420299726,0.273936103363311,0.479702330074961,"SRS",48
"g100_w050",1,0.5,"srs","SRS",29,"standardized_regret",30,0.370657870687479,0.27578043722489,0.0503503887955698,0.267679763029873,0.473635978345085,"SRS",49
"g100_w050",1,0.5,"srs","SRS",30,"standardized_regret",30,0.368071394101827,0.277485249528171,0.050661643513843,0.264456699068155,0.471686089135498,"SRS",50
"g100_w050",1,0.5,"srs","SRS",31,"standardized_regret",30,0.368071394101827,0.277485249528171,0.050661643513843,0.264456699068155,0.471686089135498,"SRS",51
"g100_w050",1,0.5,"srs","SRS",32,"standardized_regret",30,0.356052978891524,0.275833195267685,0.0503600210522794,0.253055171056975,0.459050786726072,"SRS",52
"g100_w050",1,0.5,"srs","SRS",33,"standardized_regret",30,0.353699873800299,0.274941119620238,0.0501971510672435,0.251035172486959,0.456364575113638,"SRS",53
"g100_w050",1,0.5,"srs","SRS",34,"standardized_regret",30,0.331858111108385,0.234091825757022,0.0427391244982299,0.244446786805805,0.419269435410965,"SRS",54
"g100_w050",1,0.5,"srs","SRS",35,"standardized_regret",30,0.318521568104239,0.205276158266318,0.037478127466821,0.241870190877469,0.395172945331009,"SRS",55
"g100_w050",1,0.5,"srs","SRS",36,"standardized_regret",30,0.311120905854074,0.211917351878419,0.0386906379835233,0.231989666177146,0.390252145531001,"SRS",56
"g100_w050",1,0.5,"srs","SRS",37,"standardized_regret",30,0.309075121890582,0.210100468106643,0.0383589219081344,0.230622317763812,0.387527926017352,"SRS",57
"g100_w050",1,0.5,"srs","SRS",38,"standardized_regret",30,0.307844511613998,0.208832967322724,0.038127508984465,0.22986500005829,0.385824023169707,"SRS",58
"g100_w050",1,0.5,"srs","SRS",39,"standardized_regret",30,0.293458661487931,0.197271898795276,0.036016756310683,0.219796123867853,0.36712119910801,"SRS",59
"g100_w050",1,0.5,"srs","SRS",40,"standardized_regret",30,0.284334413074244,0.19874641087309,0.0362859641527937,0.210121283595585,0.358547542552902,"SRS",60
